folder_name,folder_path,subject_from_folder,table_code_from_folder,year_span_from_folder,file_name,file_path,source_type,table_family,table_code,year,file_kind,extension,is_expected_year
HousingProfile(DP04)_2023_2019,D:\Projects\Community-Pulse\data\raw\HousingProfile(DP04)_2023_2019,HousingProfile,DP04,2023_2019,ACSDP5Y2019.DP04-Column-Metadata.csv,D:\Projects\Community-Pulse\data\raw\HousingProfile(DP04)_2023_2019\ACSDP5Y2019.DP04-Column-Metadata.csv,DP,Data Profile,DP04,2019,Column-Metadata,csv,True
HousingProfile(DP04)_2023_2019,D:\Projects\Community-Pulse\data\raw\HousingProfile(DP04)_2023_2019,HousingProfile,DP04,2023_2019,ACSDP5Y2019.DP04-Data.csv,D:\Projects\Community-Pulse\data\raw\HousingProfile(DP04)_2023_2019\ACSDP5Y2019.DP04-Data.csv,DP,Data Profile,DP04,2019,Data,csv,True
HousingProfile(DP04)_2023_2019,D:\Projects\Community-Pulse\data\raw\HousingProfile(DP04)_2023_2019,HousingProfile,DP04,2023_2019,ACSDP5Y2019.DP04-Table-Notes.txt,D:\Projects\Community-Pulse\data\raw\HousingProfile(DP04)_2023_2019\ACSDP5Y2019.DP04-Table-Notes.txt,DP,Data Profile,DP04,2019,Table-Notes,txt,True
HousingProfile(DP04)_2023_2019,D:\Projects\Community-Pulse\data\raw\HousingProfile(DP04)_2023_2019,HousingProfile,DP04,2023_2019,ACSDP5Y2021.DP04-Column-Metadata.csv,D:\Projects\Community-Pulse\data\raw\HousingProfile(DP04)_2023_2019\ACSDP5Y2021.DP04-Column-Metadata.csv,DP,Data Profile,DP04,2021,Column-Metadata,csv,True
HousingProfile(DP04)_2023_2019,D:\Projects\Community-Pulse\data\raw\HousingProfile(DP04)_2023_2019,HousingProfile,DP04,2023_2019,ACSDP5Y2021.DP04-Data.csv,D:\Projects\Community-Pulse\data\raw\HousingProfile(DP04)_2023_2019\ACSDP5Y2021.DP04-Data.csv,DP,Data Profile,DP04,2021,Data,csv,True
HousingProfile(DP04)_2023_2019,D:\Projects\Community-Pulse\data\raw\HousingProfile(DP04)_2023_2019,HousingProfile,DP04,2023_2019,ACSDP5Y2021.DP04-Table-Notes.txt,D:\Projects\Community-Pulse\data\raw\HousingProfile(DP04)_2023_2019\ACSDP5Y2021.DP04-Table-Notes.txt,DP,Data Profile,DP04,2021,Table-Notes,txt,True
HousingProfile(DP04)_2023_2019,D:\Projects\Community-Pulse\data\raw\HousingProfile(DP04)_2023_2019,HousingProfile,DP04,2023_2019,ACSDP5Y2022.DP04-Column-Metadata.csv,D:\Projects\Community-Pulse\data\raw\HousingProfile(DP04)_2023_2019\ACSDP5Y2022.DP04-Column-Metadata.csv,DP,Data Profile,DP04,2022,Column-Metadata,csv,True
HousingProfile(DP04)_2023_2019,D:\Projects\Community-Pulse\data\raw\HousingProfile(DP04)_2023_2019,HousingProfile,DP04,2023_2019,ACSDP5Y2022.DP04-Data.csv,D:\Projects\Community-Pulse\data\raw\HousingProfile(DP04)_2023_2019\ACSDP5Y2022.DP04-Data.csv,DP,Data Profile,DP04,2022,Data,csv,True
HousingProfile(DP04)_2023_2019,D:\Projects\Community-Pulse\data\raw\HousingProfile(DP04)_2023_2019,HousingProfile,DP04,2023_2019,ACSDP5Y2022.DP04-Table-Notes.txt,D:\Projects\Community-Pulse\data\raw\HousingProfile(DP04)_2023_2019\ACSDP5Y2022.DP04-Table-Notes.txt,DP,Data Profile,DP04,2022,Table-Notes,txt,True
HousingProfile(DP04)_2023_2019,D:\Projects\Community-Pulse\data\raw\HousingProfile(DP04)_2023_2019,HousingProfile,DP04,2023_2019,ACSDP5Y2023.DP04-Column-Metadata.csv,D:\Projects\Community-Pulse\data\raw\HousingProfile(DP04)_2023_2019\ACSDP5Y2023.DP04-Column-Metadata.csv,DP,Data Profile,DP04,2023,Column-Metadata,csv,True
HousingProfile(DP04)_2023_2019,D:\Projects\Community-Pulse\data\raw\HousingProfile(DP04)_2023_2019,HousingProfile,DP04,2023_2019,ACSDP5Y2023.DP04-Data.csv,D:\Projects\Community-Pulse\data\raw\HousingProfile(DP04)_2023_2019\ACSDP5Y2023.DP04-Data.csv,DP,Data Profile,DP04,2023,Data,csv,True
HousingProfile(DP04)_2023_2019,D:\Projects\Community-Pulse\data\raw\HousingProfile(DP04)_2023_2019,HousingProfile,DP04,2023_2019,ACSDP5Y2023.DP04-Table-Notes.txt,D:\Projects\Community-Pulse\data\raw\HousingProfile(DP04)_2023_2019\ACSDP5Y2023.DP04-Table-Notes.txt,DP,Data Profile,DP04,2023,Table-Notes,txt,True
Race(B03002)_2023_2019,D:\Projects\Community-Pulse\data\raw\Race(B03002)_2023_2019,Race,B03002,2023_2019,ACSDT5Y2019.B03002-Column-Metadata.csv,D:\Projects\Community-Pulse\data\raw\Race(B03002)_2023_2019\ACSDT5Y2019.B03002-Column-Metadata.csv,DT,Detailed Table,B03002,2019,Column-Metadata,csv,True
Race(B03002)_2023_2019,D:\Projects\Community-Pulse\data\raw\Race(B03002)_2023_2019,Race,B03002,2023_2019,ACSDT5Y2019.B03002-Data.csv,D:\Projects\Community-Pulse\data\raw\Race(B03002)_2023_2019\ACSDT5Y2019.B03002-Data.csv,DT,Detailed Table,B03002,2019,Data,csv,True
Race(B03002)_2023_2019,D:\Projects\Community-Pulse\data\raw\Race(B03002)_2023_2019,Race,B03002,2023_2019,ACSDT5Y2019.B03002-Table-Notes.txt,D:\Projects\Community-Pulse\data\raw\Race(B03002)_2023_2019\ACSDT5Y2019.B03002-Table-Notes.txt,DT,Detailed Table,B03002,2019,Table-Notes,txt,True
Race(B03002)_2023_2019,D:\Projects\Community-Pulse\data\raw\Race(B03002)_2023_2019,Race,B03002,2023_2019,ACSDT5Y2021.B03002-Column-Metadata.csv,D:\Projects\Community-Pulse\data\raw\Race(B03002)_2023_2019\ACSDT5Y2021.B03002-Column-Metadata.csv,DT,Detailed Table,B03002,2021,Column-Metadata,csv,True
Race(B03002)_2023_2019,D:\Projects\Community-Pulse\data\raw\Race(B03002)_2023_2019,Race,B03002,2023_2019,ACSDT5Y2021.B03002-Data.csv,D:\Projects\Community-Pulse\data\raw\Race(B03002)_2023_2019\ACSDT5Y2021.B03002-Data.csv,DT,Detailed Table,B03002,2021,Data,csv,True
Race(B03002)_2023_2019,D:\Projects\Community-Pulse\data\raw\Race(B03002)_2023_2019,Race,B03002,2023_2019,ACSDT5Y2021.B03002-Table-Notes.txt,D:\Projects\Community-Pulse\data\raw\Race(B03002)_2023_2019\ACSDT5Y2021.B03002-Table-Notes.txt,DT,Detailed Table,B03002,2021,Table-Notes,txt,True
Race(B03002)_2023_2019,D:\Projects\Community-Pulse\data\raw\Race(B03002)_2023_2019,Race,B03002,2023_2019,ACSDT5Y2022.B03002-Column-Metadata.csv,D:\Projects\Community-Pulse\data\raw\Race(B03002)_2023_2019\ACSDT5Y2022.B03002-Column-Metadata.csv,DT,Detailed Table,B03002,2022,Column-Metadata,csv,True
Race(B03002)_2023_2019,D:\Projects\Community-Pulse\data\raw\Race(B03002)_2023_2019,Race,B03002,2023_2019,ACSDT5Y2022.B03002-Data.csv,D:\Projects\Community-Pulse\data\raw\Race(B03002)_2023_2019\ACSDT5Y2022.B03002-Data.csv,DT,Detailed Table,B03002,2022,Data,csv,True
Race(B03002)_2023_2019,D:\Projects\Community-Pulse\data\raw\Race(B03002)_2023_2019,Race,B03002,2023_2019,ACSDT5Y2022.B03002-Table-Notes.txt,D:\Projects\Community-Pulse\data\raw\Race(B03002)_2023_2019\ACSDT5Y2022.B03002-Table-Notes.txt,DT,Detailed Table,B03002,2022,Table-Notes,txt,True
Race(B03002)_2023_2019,D:\Projects\Community-Pulse\data\raw\Race(B03002)_2023_2019,Race,B03002,2023_2019,ACSDT5Y2023.B03002-Column-Metadata.csv,D:\Projects\Community-Pulse\data\raw\Race(B03002)_2023_2019\ACSDT5Y2023.B03002-Column-Metadata.csv,DT,Detailed Table,B03002,2023,Column-Metadata,csv,True
Race(B03002)_2023_2019,D:\Projects\Community-Pulse\data\raw\Race(B03002)_2023_2019,Race,B03002,2023_2019,ACSDT5Y2023.B03002-Data.csv,D:\Projects\Community-Pulse\data\raw\Race(B03002)_2023_2019\ACSDT5Y2023.B03002-Data.csv,DT,Detailed Table,B03002,2023,Data,csv,True
Race(B03002)_2023_2019,D:\Projects\Community-Pulse\data\raw\Race(B03002)_2023_2019,Race,B03002,2023_2019,ACSDT5Y2023.B03002-Table-Notes.txt,D:\Projects\Community-Pulse\data\raw\Race(B03002)_2023_2019\ACSDT5Y2023.B03002-Table-Notes.txt,DT,Detailed Table,B03002,2023,Table-Notes,txt,True
MedianHouseholdIncome(B19013)_2023_2019,D:\Projects\Community-Pulse\data\raw\MedianHouseholdIncome(B19013)_2023_2019,MedianHouseholdIncome,B19013,2023_2019,ACSDT5Y2019.B19013-Column-Metadata.csv,D:\Projects\Community-Pulse\data\raw\MedianHouseholdIncome(B19013)_2023_2019\ACSDT5Y2019.B19013-Column-Metadata.csv,DT,Detailed Table,B19013,2019,Column-Metadata,csv,True
MedianHouseholdIncome(B19013)_2023_2019,D:\Projects\Community-Pulse\data\raw\MedianHouseholdIncome(B19013)_2023_2019,MedianHouseholdIncome,B19013,2023_2019,ACSDT5Y2019.B19013-Data.csv,D:\Projects\Community-Pulse\data\raw\MedianHouseholdIncome(B19013)_2023_2019\ACSDT5Y2019.B19013-Data.csv,DT,Detailed Table,B19013,2019,Data,csv,True
MedianHouseholdIncome(B19013)_2023_2019,D:\Projects\Community-Pulse\data\raw\MedianHouseholdIncome(B19013)_2023_2019,MedianHouseholdIncome,B19013,2023_2019,ACSDT5Y2019.B19013-Table-Notes.txt,D:\Projects\Community-Pulse\data\raw\MedianHouseholdIncome(B19013)_2023_2019\ACSDT5Y2019.B19013-Table-Notes.txt,DT,Detailed Table,B19013,2019,Table-Notes,txt,True
MedianHouseholdIncome(B19013)_2023_2019,D:\Projects\Community-Pulse\data\raw\MedianHouseholdIncome(B19013)_2023_2019,MedianHouseholdIncome,B19013,2023_2019,ACSDT5Y2021.B19013-Column-Metadata.csv,D:\Projects\Community-Pulse\data\raw\MedianHouseholdIncome(B19013)_2023_2019\ACSDT5Y2021.B19013-Column-Metadata.csv,DT,Detailed Table,B19013,2021,Column-Metadata,csv,True
MedianHouseholdIncome(B19013)_2023_2019,D:\Projects\Community-Pulse\data\raw\MedianHouseholdIncome(B19013)_2023_2019,MedianHouseholdIncome,B19013,2023_2019,ACSDT5Y2021.B19013-Data.csv,D:\Projects\Community-Pulse\data\raw\MedianHouseholdIncome(B19013)_2023_2019\ACSDT5Y2021.B19013-Data.csv,DT,Detailed Table,B19013,2021,Data,csv,True
MedianHouseholdIncome(B19013)_2023_2019,D:\Projects\Community-Pulse\data\raw\MedianHouseholdIncome(B19013)_2023_2019,MedianHouseholdIncome,B19013,2023_2019,ACSDT5Y2021.B19013-Table-Notes.txt,D:\Projects\Community-Pulse\data\raw\MedianHouseholdIncome(B19013)_2023_2019\ACSDT5Y2021.B19013-Table-Notes.txt,DT,Detailed Table,B19013,2021,Table-Notes,txt,True
MedianHouseholdIncome(B19013)_2023_2019,D:\Projects\Community-Pulse\data\raw\MedianHouseholdIncome(B19013)_2023_2019,MedianHouseholdIncome,B19013,2023_2019,ACSDT5Y2022.B19013-Column-Metadata.csv,D:\Projects\Community-Pulse\data\raw\MedianHouseholdIncome(B19013)_2023_2019\ACSDT5Y2022.B19013-Column-Metadata.csv,DT,Detailed Table,B19013,2022,Column-Metadata,csv,True
MedianHouseholdIncome(B19013)_2023_2019,D:\Projects\Community-Pulse\data\raw\MedianHouseholdIncome(B19013)_2023_2019,MedianHouseholdIncome,B19013,2023_2019,ACSDT5Y2022.B19013-Data.csv,D:\Projects\Community-Pulse\data\raw\MedianHouseholdIncome(B19013)_2023_2019\ACSDT5Y2022.B19013-Data.csv,DT,Detailed Table,B19013,2022,Data,csv,True
MedianHouseholdIncome(B19013)_2023_2019,D:\Projects\Community-Pulse\data\raw\MedianHouseholdIncome(B19013)_2023_2019,MedianHouseholdIncome,B19013,2023_2019,ACSDT5Y2022.B19013-Table-Notes.txt,D:\Projects\Community-Pulse\data\raw\MedianHouseholdIncome(B19013)_2023_2019\ACSDT5Y2022.B19013-Table-Notes.txt,DT,Detailed Table,B19013,2022,Table-Notes,txt,True
MedianHouseholdIncome(B19013)_2023_2019,D:\Projects\Community-Pulse\data\raw\MedianHouseholdIncome(B19013)_2023_2019,MedianHouseholdIncome,B19013,2023_2019,ACSDT5Y2023.B19013-Column-Metadata.csv,D:\Projects\Community-Pulse\data\raw\MedianHouseholdIncome(B19013)_2023_2019\ACSDT5Y2023.B19013-Column-Metadata.csv,DT,Detailed Table,B19013,2023,Column-Metadata,csv,True
MedianHouseholdIncome(B19013)_2023_2019,D:\Projects\Community-Pulse\data\raw\MedianHouseholdIncome(B19013)_2023_2019,MedianHouseholdIncome,B19013,2023_2019,ACSDT5Y2023.B19013-Data.csv,D:\Projects\Community-Pulse\data\raw\MedianHouseholdIncome(B19013)_2023_2019\ACSDT5Y2023.B19013-Data.csv,DT,Detailed Table,B19013,2023,Data,csv,True
MedianHouseholdIncome(B19013)_2023_2019,D:\Projects\Community-Pulse\data\raw\MedianHouseholdIncome(B19013)_2023_2019,MedianHouseholdIncome,B19013,2023_2019,ACSDT5Y2023.B19013-Table-Notes.txt,D:\Projects\Community-Pulse\data\raw\MedianHouseholdIncome(B19013)_2023_2019\ACSDT5Y2023.B19013-Table-Notes.txt,DT,Detailed Table,B19013,2023,Table-Notes,txt,True
Tenure(B25003)_2023_2019,D:\Projects\Community-Pulse\data\raw\Tenure(B25003)_2023_2019,Tenure,B25003,2023_2019,ACSDT5Y2019.B25003-Column-Metadata.csv,D:\Projects\Community-Pulse\data\raw\Tenure(B25003)_2023_2019\ACSDT5Y2019.B25003-Column-Metadata.csv,DT,Detailed Table,B25003,2019,Column-Metadata,csv,True
Tenure(B25003)_2023_2019,D:\Projects\Community-Pulse\data\raw\Tenure(B25003)_2023_2019,Tenure,B25003,2023_2019,ACSDT5Y2019.B25003-Data.csv,D:\Projects\Community-Pulse\data\raw\Tenure(B25003)_2023_2019\ACSDT5Y2019.B25003-Data.csv,DT,Detailed Table,B25003,2019,Data,csv,True
Tenure(B25003)_2023_2019,D:\Projects\Community-Pulse\data\raw\Tenure(B25003)_2023_2019,Tenure,B25003,2023_2019,ACSDT5Y2019.B25003-Table-Notes.txt,D:\Projects\Community-Pulse\data\raw\Tenure(B25003)_2023_2019\ACSDT5Y2019.B25003-Table-Notes.txt,DT,Detailed Table,B25003,2019,Table-Notes,txt,True
Tenure(B25003)_2023_2019,D:\Projects\Community-Pulse\data\raw\Tenure(B25003)_2023_2019,Tenure,B25003,2023_2019,ACSDT5Y2021.B25003-Column-Metadata.csv,D:\Projects\Community-Pulse\data\raw\Tenure(B25003)_2023_2019\ACSDT5Y2021.B25003-Column-Metadata.csv,DT,Detailed Table,B25003,2021,Column-Metadata,csv,True
Tenure(B25003)_2023_2019,D:\Projects\Community-Pulse\data\raw\Tenure(B25003)_2023_2019,Tenure,B25003,2023_2019,ACSDT5Y2021.B25003-Data.csv,D:\Projects\Community-Pulse\data\raw\Tenure(B25003)_2023_2019\ACSDT5Y2021.B25003-Data.csv,DT,Detailed Table,B25003,2021,Data,csv,True
Tenure(B25003)_2023_2019,D:\Projects\Community-Pulse\data\raw\Tenure(B25003)_2023_2019,Tenure,B25003,2023_2019,ACSDT5Y2021.B25003-Table-Notes.txt,D:\Projects\Community-Pulse\data\raw\Tenure(B25003)_2023_2019\ACSDT5Y2021.B25003-Table-Notes.txt,DT,Detailed Table,B25003,2021,Table-Notes,txt,True
Tenure(B25003)_2023_2019,D:\Projects\Community-Pulse\data\raw\Tenure(B25003)_2023_2019,Tenure,B25003,2023_2019,ACSDT5Y2022.B25003-Column-Metadata.csv,D:\Projects\Community-Pulse\data\raw\Tenure(B25003)_2023_2019\ACSDT5Y2022.B25003-Column-Metadata.csv,DT,Detailed Table,B25003,2022,Column-Metadata,csv,True
Tenure(B25003)_2023_2019,D:\Projects\Community-Pulse\data\raw\Tenure(B25003)_2023_2019,Tenure,B25003,2023_2019,ACSDT5Y2022.B25003-Data.csv,D:\Projects\Community-Pulse\data\raw\Tenure(B25003)_2023_2019\ACSDT5Y2022.B25003-Data.csv,DT,Detailed Table,B25003,2022,Data,csv,True
Tenure(B25003)_2023_2019,D:\Projects\Community-Pulse\data\raw\Tenure(B25003)_2023_2019,Tenure,B25003,2023_2019,ACSDT5Y2022.B25003-Table-Notes.txt,D:\Projects\Community-Pulse\data\raw\Tenure(B25003)_2023_2019\ACSDT5Y2022.B25003-Table-Notes.txt,DT,Detailed Table,B25003,2022,Table-Notes,txt,True
Tenure(B25003)_2023_2019,D:\Projects\Community-Pulse\data\raw\Tenure(B25003)_2023_2019,Tenure,B25003,2023_2019,ACSDT5Y2023.B25003-Column-Metadata.csv,D:\Projects\Community-Pulse\data\raw\Tenure(B25003)_2023_2019\ACSDT5Y2023.B25003-Column-Metadata.csv,DT,Detailed Table,B25003,2023,Column-Metadata,csv,True
Tenure(B25003)_2023_2019,D:\Projects\Community-Pulse\data\raw\Tenure(B25003)_2023_2019,Tenure,B25003,2023_2019,ACSDT5Y2023.B25003-Data.csv,D:\Projects\Community-Pulse\data\raw\Tenure(B25003)_2023_2019\ACSDT5Y2023.B25003-Data.csv,DT,Detailed Table,B25003,2023,Data,csv,True
Tenure(B25003)_2023_2019,D:\Projects\Community-Pulse\data\raw\Tenure(B25003)_2023_2019,Tenure,B25003,2023_2019,ACSDT5Y2023.B25003-Table-Notes.txt,D:\Projects\Community-Pulse\data\raw\Tenure(B25003)_2023_2019\ACSDT5Y2023.B25003-Table-Notes.txt,DT,Detailed Table,B25003,2023,Table-Notes,txt,True
RentBurden(B25070)_2023_2019,D:\Projects\Community-Pulse\data\raw\RentBurden(B25070)_2023_2019,RentBurden,B25070,2023_2019,ACSDT5Y2019.B25070-Column-Metadata.csv,D:\Projects\Community-Pulse\data\raw\RentBurden(B25070)_2023_2019\ACSDT5Y2019.B25070-Column-Metadata.csv,DT,Detailed Table,B25070,2019,Column-Metadata,csv,True
RentBurden(B25070)_2023_2019,D:\Projects\Community-Pulse\data\raw\RentBurden(B25070)_2023_2019,RentBurden,B25070,2023_2019,ACSDT5Y2019.B25070-Data.csv,D:\Projects\Community-Pulse\data\raw\RentBurden(B25070)_2023_2019\ACSDT5Y2019.B25070-Data.csv,DT,Detailed Table,B25070,2019,Data,csv,True
RentBurden(B25070)_2023_2019,D:\Projects\Community-Pulse\data\raw\RentBurden(B25070)_2023_2019,RentBurden,B25070,2023_2019,ACSDT5Y2019.B25070-Table-Notes.txt,D:\Projects\Community-Pulse\data\raw\RentBurden(B25070)_2023_2019\ACSDT5Y2019.B25070-Table-Notes.txt,DT,Detailed Table,B25070,2019,Table-Notes,txt,True
RentBurden(B25070)_2023_2019,D:\Projects\Community-Pulse\data\raw\RentBurden(B25070)_2023_2019,RentBurden,B25070,2023_2019,ACSDT5Y2021.B25070-Column-Metadata.csv,D:\Projects\Community-Pulse\data\raw\RentBurden(B25070)_2023_2019\ACSDT5Y2021.B25070-Column-Metadata.csv,DT,Detailed Table,B25070,2021,Column-Metadata,csv,True
RentBurden(B25070)_2023_2019,D:\Projects\Community-Pulse\data\raw\RentBurden(B25070)_2023_2019,RentBurden,B25070,2023_2019,ACSDT5Y2021.B25070-Data.csv,D:\Projects\Community-Pulse\data\raw\RentBurden(B25070)_2023_2019\ACSDT5Y2021.B25070-Data.csv,DT,Detailed Table,B25070,2021,Data,csv,True
RentBurden(B25070)_2023_2019,D:\Projects\Community-Pulse\data\raw\RentBurden(B25070)_2023_2019,RentBurden,B25070,2023_2019,ACSDT5Y2021.B25070-Table-Notes.txt,D:\Projects\Community-Pulse\data\raw\RentBurden(B25070)_2023_2019\ACSDT5Y2021.B25070-Table-Notes.txt,DT,Detailed Table,B25070,2021,Table-Notes,txt,True
RentBurden(B25070)_2023_2019,D:\Projects\Community-Pulse\data\raw\RentBurden(B25070)_2023_2019,RentBurden,B25070,2023_2019,ACSDT5Y2022.B25070-Column-Metadata.csv,D:\Projects\Community-Pulse\data\raw\RentBurden(B25070)_2023_2019\ACSDT5Y2022.B25070-Column-Metadata.csv,DT,Detailed Table,B25070,2022,Column-Metadata,csv,True
RentBurden(B25070)_2023_2019,D:\Projects\Community-Pulse\data\raw\RentBurden(B25070)_2023_2019,RentBurden,B25070,2023_2019,ACSDT5Y2022.B25070-Data.csv,D:\Projects\Community-Pulse\data\raw\RentBurden(B25070)_2023_2019\ACSDT5Y2022.B25070-Data.csv,DT,Detailed Table,B25070,2022,Data,csv,True
RentBurden(B25070)_2023_2019,D:\Projects\Community-Pulse\data\raw\RentBurden(B25070)_2023_2019,RentBurden,B25070,2023_2019,ACSDT5Y2022.B25070-Table-Notes.txt,D:\Projects\Community-Pulse\data\raw\RentBurden(B25070)_2023_2019\ACSDT5Y2022.B25070-Table-Notes.txt,DT,Detailed Table,B25070,2022,Table-Notes,txt,True
RentBurden(B25070)_2023_2019,D:\Projects\Community-Pulse\data\raw\RentBurden(B25070)_2023_2019,RentBurden,B25070,2023_2019,ACSDT5Y2023.B25070-Column-Metadata.csv,D:\Projects\Community-Pulse\data\raw\RentBurden(B25070)_2023_2019\ACSDT5Y2023.B25070-Column-Metadata.csv,DT,Detailed Table,B25070,2023,Column-Metadata,csv,True
RentBurden(B25070)_2023_2019,D:\Projects\Community-Pulse\data\raw\RentBurden(B25070)_2023_2019,RentBurden,B25070,2023_2019,ACSDT5Y2023.B25070-Data.csv,D:\Projects\Community-Pulse\data\raw\RentBurden(B25070)_2023_2019\ACSDT5Y2023.B25070-Data.csv,DT,Detailed Table,B25070,2023,Data,csv,True
RentBurden(B25070)_2023_2019,D:\Projects\Community-Pulse\data\raw\RentBurden(B25070)_2023_2019,RentBurden,B25070,2023_2019,ACSDT5Y2023.B25070-Table-Notes.txt,D:\Projects\Community-Pulse\data\raw\RentBurden(B25070)_2023_2019\ACSDT5Y2023.B25070-Table-Notes.txt,DT,Detailed Table,B25070,2023,Table-Notes,txt,True
Age(S0101)_2023_2019,D:\Projects\Community-Pulse\data\raw\Age(S0101)_2023_2019,Age,S0101,2023_2019,ACSST5Y2019.S0101-Column-Metadata.csv,D:\Projects\Community-Pulse\data\raw\Age(S0101)_2023_2019\ACSST5Y2019.S0101-Column-Metadata.csv,ST,Subject Table,S0101,2019,Column-Metadata,csv,True
Age(S0101)_2023_2019,D:\Projects\Community-Pulse\data\raw\Age(S0101)_2023_2019,Age,S0101,2023_2019,ACSST5Y2019.S0101-Data.csv,D:\Projects\Community-Pulse\data\raw\Age(S0101)_2023_2019\ACSST5Y2019.S0101-Data.csv,ST,Subject Table,S0101,2019,Data,csv,True
Age(S0101)_2023_2019,D:\Projects\Community-Pulse\data\raw\Age(S0101)_2023_2019,Age,S0101,2023_2019,ACSST5Y2019.S0101-Table-Notes.txt,D:\Projects\Community-Pulse\data\raw\Age(S0101)_2023_2019\ACSST5Y2019.S0101-Table-Notes.txt,ST,Subject Table,S0101,2019,Table-Notes,txt,True
Age(S0101)_2023_2019,D:\Projects\Community-Pulse\data\raw\Age(S0101)_2023_2019,Age,S0101,2023_2019,ACSST5Y2021.S0101-Column-Metadata.csv,D:\Projects\Community-Pulse\data\raw\Age(S0101)_2023_2019\ACSST5Y2021.S0101-Column-Metadata.csv,ST,Subject Table,S0101,2021,Column-Metadata,csv,True
Age(S0101)_2023_2019,D:\Projects\Community-Pulse\data\raw\Age(S0101)_2023_2019,Age,S0101,2023_2019,ACSST5Y2021.S0101-Data.csv,D:\Projects\Community-Pulse\data\raw\Age(S0101)_2023_2019\ACSST5Y2021.S0101-Data.csv,ST,Subject Table,S0101,2021,Data,csv,True
Age(S0101)_2023_2019,D:\Projects\Community-Pulse\data\raw\Age(S0101)_2023_2019,Age,S0101,2023_2019,ACSST5Y2021.S0101-Table-Notes.txt,D:\Projects\Community-Pulse\data\raw\Age(S0101)_2023_2019\ACSST5Y2021.S0101-Table-Notes.txt,ST,Subject Table,S0101,2021,Table-Notes,txt,True
Age(S0101)_2023_2019,D:\Projects\Community-Pulse\data\raw\Age(S0101)_2023_2019,Age,S0101,2023_2019,ACSST5Y2022.S0101-Column-Metadata.csv,D:\Projects\Community-Pulse\data\raw\Age(S0101)_2023_2019\ACSST5Y2022.S0101-Column-Metadata.csv,ST,Subject Table,S0101,2022,Column-Metadata,csv,True
Age(S0101)_2023_2019,D:\Projects\Community-Pulse\data\raw\Age(S0101)_2023_2019,Age,S0101,2023_2019,ACSST5Y2022.S0101-Data.csv,D:\Projects\Community-Pulse\data\raw\Age(S0101)_2023_2019\ACSST5Y2022.S0101-Data.csv,ST,Subject Table,S0101,2022,Data,csv,True
Age(S0101)_2023_2019,D:\Projects\Community-Pulse\data\raw\Age(S0101)_2023_2019,Age,S0101,2023_2019,ACSST5Y2022.S0101-Table-Notes.txt,D:\Projects\Community-Pulse\data\raw\Age(S0101)_2023_2019\ACSST5Y2022.S0101-Table-Notes.txt,ST,Subject Table,S0101,2022,Table-Notes,txt,True
Age(S0101)_2023_2019,D:\Projects\Community-Pulse\data\raw\Age(S0101)_2023_2019,Age,S0101,2023_2019,ACSST5Y2023.S0101-Column-Metadata.csv,D:\Projects\Community-Pulse\data\raw\Age(S0101)_2023_2019\ACSST5Y2023.S0101-Column-Metadata.csv,ST,Subject Table,S0101,2023,Column-Metadata,csv,True
Age(S0101)_2023_2019,D:\Projects\Community-Pulse\data\raw\Age(S0101)_2023_2019,Age,S0101,2023_2019,ACSST5Y2023.S0101-Data.csv,D:\Projects\Community-Pulse\data\raw\Age(S0101)_2023_2019\ACSST5Y2023.S0101-Data.csv,ST,Subject Table,S0101,2023,Data,csv,True
Age(S0101)_2023_2019,D:\Projects\Community-Pulse\data\raw\Age(S0101)_2023_2019,Age,S0101,2023_2019,ACSST5Y2023.S0101-Table-Notes.txt,D:\Projects\Community-Pulse\data\raw\Age(S0101)_2023_2019\ACSST5Y2023.S0101-Table-Notes.txt,ST,Subject Table,S0101,2023,Table-Notes,txt,True
HouseholdComposition(S1101)_2023_2019,D:\Projects\Community-Pulse\data\raw\HouseholdComposition(S1101)_2023_2019,HouseholdComposition,S1101,2023_2019,ACSST5Y2019.S1101-Column-Metadata.csv,D:\Projects\Community-Pulse\data\raw\HouseholdComposition(S1101)_2023_2019\ACSST5Y2019.S1101-Column-Metadata.csv,ST,Subject Table,S1101,2019,Column-Metadata,csv,True
HouseholdComposition(S1101)_2023_2019,D:\Projects\Community-Pulse\data\raw\HouseholdComposition(S1101)_2023_2019,HouseholdComposition,S1101,2023_2019,ACSST5Y2019.S1101-Data.csv,D:\Projects\Community-Pulse\data\raw\HouseholdComposition(S1101)_2023_2019\ACSST5Y2019.S1101-Data.csv,ST,Subject Table,S1101,2019,Data,csv,True
HouseholdComposition(S1101)_2023_2019,D:\Projects\Community-Pulse\data\raw\HouseholdComposition(S1101)_2023_2019,HouseholdComposition,S1101,2023_2019,ACSST5Y2019.S1101-Table-Notes.txt,D:\Projects\Community-Pulse\data\raw\HouseholdComposition(S1101)_2023_2019\ACSST5Y2019.S1101-Table-Notes.txt,ST,Subject Table,S1101,2019,Table-Notes,txt,True
HouseholdComposition(S1101)_2023_2019,D:\Projects\Community-Pulse\data\raw\HouseholdComposition(S1101)_2023_2019,HouseholdComposition,S1101,2023_2019,ACSST5Y2021.S1101-Column-Metadata.csv,D:\Projects\Community-Pulse\data\raw\HouseholdComposition(S1101)_2023_2019\ACSST5Y2021.S1101-Column-Metadata.csv,ST,Subject Table,S1101,2021,Column-Metadata,csv,True
HouseholdComposition(S1101)_2023_2019,D:\Projects\Community-Pulse\data\raw\HouseholdComposition(S1101)_2023_2019,HouseholdComposition,S1101,2023_2019,ACSST5Y2021.S1101-Data.csv,D:\Projects\Community-Pulse\data\raw\HouseholdComposition(S1101)_2023_2019\ACSST5Y2021.S1101-Data.csv,ST,Subject Table,S1101,2021,Data,csv,True
HouseholdComposition(S1101)_2023_2019,D:\Projects\Community-Pulse\data\raw\HouseholdComposition(S1101)_2023_2019,HouseholdComposition,S1101,2023_2019,ACSST5Y2021.S1101-Table-Notes.txt,D:\Projects\Community-Pulse\data\raw\HouseholdComposition(S1101)_2023_2019\ACSST5Y2021.S1101-Table-Notes.txt,ST,Subject Table,S1101,2021,Table-Notes,txt,True
HouseholdComposition(S1101)_2023_2019,D:\Projects\Community-Pulse\data\raw\HouseholdComposition(S1101)_2023_2019,HouseholdComposition,S1101,2023_2019,ACSST5Y2022.S1101-Column-Metadata.csv,D:\Projects\Community-Pulse\data\raw\HouseholdComposition(S1101)_2023_2019\ACSST5Y2022.S1101-Column-Metadata.csv,ST,Subject Table,S1101,2022,Column-Metadata,csv,True
HouseholdComposition(S1101)_2023_2019,D:\Projects\Community-Pulse\data\raw\HouseholdComposition(S1101)_2023_2019,HouseholdComposition,S1101,2023_2019,ACSST5Y2022.S1101-Data.csv,D:\Projects\Community-Pulse\data\raw\HouseholdComposition(S1101)_2023_2019\ACSST5Y2022.S1101-Data.csv,ST,Subject Table,S1101,2022,Data,csv,True
HouseholdComposition(S1101)_2023_2019,D:\Projects\Community-Pulse\data\raw\HouseholdComposition(S1101)_2023_2019,HouseholdComposition,S1101,2023_2019,ACSST5Y2022.S1101-Table-Notes.txt,D:\Projects\Community-Pulse\data\raw\HouseholdComposition(S1101)_2023_2019\ACSST5Y2022.S1101-Table-Notes.txt,ST,Subject Table,S1101,2022,Table-Notes,txt,True
HouseholdComposition(S1101)_2023_2019,D:\Projects\Community-Pulse\data\raw\HouseholdComposition(S1101)_2023_2019,HouseholdComposition,S1101,2023_2019,ACSST5Y2023.S1101-Column-Metadata.csv,D:\Projects\Community-Pulse\data\raw\HouseholdComposition(S1101)_2023_2019\ACSST5Y2023.S1101-Column-Metadata.csv,ST,Subject Table,S1101,2023,Column-Metadata,csv,True
HouseholdComposition(S1101)_2023_2019,D:\Projects\Community-Pulse\data\raw\HouseholdComposition(S1101)_2023_2019,HouseholdComposition,S1101,2023_2019,ACSST5Y2023.S1101-Data.csv,D:\Projects\Community-Pulse\data\raw\HouseholdComposition(S1101)_2023_2019\ACSST5Y2023.S1101-Data.csv,ST,Subject Table,S1101,2023,Data,csv,True
HouseholdComposition(S1101)_2023_2019,D:\Projects\Community-Pulse\data\raw\HouseholdComposition(S1101)_2023_2019,HouseholdComposition,S1101,2023_2019,ACSST5Y2023.S1101-Table-Notes.txt,D:\Projects\Community-Pulse\data\raw\HouseholdComposition(S1101)_2023_2019\ACSST5Y2023.S1101-Table-Notes.txt,ST,Subject Table,S1101,2023,Table-Notes,txt,True
Education(S1501)_2023_2019,D:\Projects\Community-Pulse\data\raw\Education(S1501)_2023_2019,Education,S1501,2023_2019,ACSST5Y2019.S1501-Column-Metadata.csv,D:\Projects\Community-Pulse\data\raw\Education(S1501)_2023_2019\ACSST5Y2019.S1501-Column-Metadata.csv,ST,Subject Table,S1501,2019,Column-Metadata,csv,True
Education(S1501)_2023_2019,D:\Projects\Community-Pulse\data\raw\Education(S1501)_2023_2019,Education,S1501,2023_2019,ACSST5Y2019.S1501-Data.csv,D:\Projects\Community-Pulse\data\raw\Education(S1501)_2023_2019\ACSST5Y2019.S1501-Data.csv,ST,Subject Table,S1501,2019,Data,csv,True
Education(S1501)_2023_2019,D:\Projects\Community-Pulse\data\raw\Education(S1501)_2023_2019,Education,S1501,2023_2019,ACSST5Y2019.S1501-Table-Notes.txt,D:\Projects\Community-Pulse\data\raw\Education(S1501)_2023_2019\ACSST5Y2019.S1501-Table-Notes.txt,ST,Subject Table,S1501,2019,Table-Notes,txt,True
Education(S1501)_2023_2019,D:\Projects\Community-Pulse\data\raw\Education(S1501)_2023_2019,Education,S1501,2023_2019,ACSST5Y2021.S1501-Column-Metadata.csv,D:\Projects\Community-Pulse\data\raw\Education(S1501)_2023_2019\ACSST5Y2021.S1501-Column-Metadata.csv,ST,Subject Table,S1501,2021,Column-Metadata,csv,True
Education(S1501)_2023_2019,D:\Projects\Community-Pulse\data\raw\Education(S1501)_2023_2019,Education,S1501,2023_2019,ACSST5Y2021.S1501-Data.csv,D:\Projects\Community-Pulse\data\raw\Education(S1501)_2023_2019\ACSST5Y2021.S1501-Data.csv,ST,Subject Table,S1501,2021,Data,csv,True
Education(S1501)_2023_2019,D:\Projects\Community-Pulse\data\raw\Education(S1501)_2023_2019,Education,S1501,2023_2019,ACSST5Y2021.S1501-Table-Notes.txt,D:\Projects\Community-Pulse\data\raw\Education(S1501)_2023_2019\ACSST5Y2021.S1501-Table-Notes.txt,ST,Subject Table,S1501,2021,Table-Notes,txt,True
Education(S1501)_2023_2019,D:\Projects\Community-Pulse\data\raw\Education(S1501)_2023_2019,Education,S1501,2023_2019,ACSST5Y2022.S1501-Column-Metadata.csv,D:\Projects\Community-Pulse\data\raw\Education(S1501)_2023_2019\ACSST5Y2022.S1501-Column-Metadata.csv,ST,Subject Table,S1501,2022,Column-Metadata,csv,True
Education(S1501)_2023_2019,D:\Projects\Community-Pulse\data\raw\Education(S1501)_2023_2019,Education,S1501,2023_2019,ACSST5Y2022.S1501-Data.csv,D:\Projects\Community-Pulse\data\raw\Education(S1501)_2023_2019\ACSST5Y2022.S1501-Data.csv,ST,Subject Table,S1501,2022,Data,csv,True
Education(S1501)_2023_2019,D:\Projects\Community-Pulse\data\raw\Education(S1501)_2023_2019,Education,S1501,2023_2019,ACSST5Y2022.S1501-Table-Notes.txt,D:\Projects\Community-Pulse\data\raw\Education(S1501)_2023_2019\ACSST5Y2022.S1501-Table-Notes.txt,ST,Subject Table,S1501,2022,Table-Notes,txt,True
Education(S1501)_2023_2019,D:\Projects\Community-Pulse\data\raw\Education(S1501)_2023_2019,Education,S1501,2023_2019,ACSST5Y2023.S1501-Column-Metadata.csv,D:\Projects\Community-Pulse\data\raw\Education(S1501)_2023_2019\ACSST5Y2023.S1501-Column-Metadata.csv,ST,Subject Table,S1501,2023,Column-Metadata,csv,True
Education(S1501)_2023_2019,D:\Projects\Community-Pulse\data\raw\Education(S1501)_2023_2019,Education,S1501,2023_2019,ACSST5Y2023.S1501-Data.csv,D:\Projects\Community-Pulse\data\raw\Education(S1501)_2023_2019\ACSST5Y2023.S1501-Data.csv,ST,Subject Table,S1501,2023,Data,csv,True
Education(S1501)_2023_2019,D:\Projects\Community-Pulse\data\raw\Education(S1501)_2023_2019,Education,S1501,2023_2019,ACSST5Y2023.S1501-Table-Notes.txt,D:\Projects\Community-Pulse\data\raw\Education(S1501)_2023_2019\ACSST5Y2023.S1501-Table-Notes.txt,ST,Subject Table,S1501,2023,Table-Notes,txt,True
Language(S1601)_2023_2019,D:\Projects\Community-Pulse\data\raw\Language(S1601)_2023_2019,Language,S1601,2023_2019,ACSST5Y2019.S1601-Column-Metadata.csv,D:\Projects\Community-Pulse\data\raw\Language(S1601)_2023_2019\ACSST5Y2019.S1601-Column-Metadata.csv,ST,Subject Table,S1601,2019,Column-Metadata,csv,True
Language(S1601)_2023_2019,D:\Projects\Community-Pulse\data\raw\Language(S1601)_2023_2019,Language,S1601,2023_2019,ACSST5Y2019.S1601-Data.csv,D:\Projects\Community-Pulse\data\raw\Language(S1601)_2023_2019\ACSST5Y2019.S1601-Data.csv,ST,Subject Table,S1601,2019,Data,csv,True
Language(S1601)_2023_2019,D:\Projects\Community-Pulse\data\raw\Language(S1601)_2023_2019,Language,S1601,2023_2019,ACSST5Y2019.S1601-Table-Notes.txt,D:\Projects\Community-Pulse\data\raw\Language(S1601)_2023_2019\ACSST5Y2019.S1601-Table-Notes.txt,ST,Subject Table,S1601,2019,Table-Notes,txt,True
Language(S1601)_2023_2019,D:\Projects\Community-Pulse\data\raw\Language(S1601)_2023_2019,Language,S1601,2023_2019,ACSST5Y2021.S1601-Column-Metadata.csv,D:\Projects\Community-Pulse\data\raw\Language(S1601)_2023_2019\ACSST5Y2021.S1601-Column-Metadata.csv,ST,Subject Table,S1601,2021,Column-Metadata,csv,True
Language(S1601)_2023_2019,D:\Projects\Community-Pulse\data\raw\Language(S1601)_2023_2019,Language,S1601,2023_2019,ACSST5Y2021.S1601-Data.csv,D:\Projects\Community-Pulse\data\raw\Language(S1601)_2023_2019\ACSST5Y2021.S1601-Data.csv,ST,Subject Table,S1601,2021,Data,csv,True
Language(S1601)_2023_2019,D:\Projects\Community-Pulse\data\raw\Language(S1601)_2023_2019,Language,S1601,2023_2019,ACSST5Y2021.S1601-Table-Notes.txt,D:\Projects\Community-Pulse\data\raw\Language(S1601)_2023_2019\ACSST5Y2021.S1601-Table-Notes.txt,ST,Subject Table,S1601,2021,Table-Notes,txt,True
Language(S1601)_2023_2019,D:\Projects\Community-Pulse\data\raw\Language(S1601)_2023_2019,Language,S1601,2023_2019,ACSST5Y2022.S1601-Column-Metadata.csv,D:\Projects\Community-Pulse\data\raw\Language(S1601)_2023_2019\ACSST5Y2022.S1601-Column-Metadata.csv,ST,Subject Table,S1601,2022,Column-Metadata,csv,True
Language(S1601)_2023_2019,D:\Projects\Community-Pulse\data\raw\Language(S1601)_2023_2019,Language,S1601,2023_2019,ACSST5Y2022.S1601-Data.csv,D:\Projects\Community-Pulse\data\raw\Language(S1601)_2023_2019\ACSST5Y2022.S1601-Data.csv,ST,Subject Table,S1601,2022,Data,csv,True
Language(S1601)_2023_2019,D:\Projects\Community-Pulse\data\raw\Language(S1601)_2023_2019,Language,S1601,2023_2019,ACSST5Y2022.S1601-Table-Notes.txt,D:\Projects\Community-Pulse\data\raw\Language(S1601)_2023_2019\ACSST5Y2022.S1601-Table-Notes.txt,ST,Subject Table,S1601,2022,Table-Notes,txt,True
Language(S1601)_2023_2019,D:\Projects\Community-Pulse\data\raw\Language(S1601)_2023_2019,Language,S1601,2023_2019,ACSST5Y2023.S1601-Column-Metadata.csv,D:\Projects\Community-Pulse\data\raw\Language(S1601)_2023_2019\ACSST5Y2023.S1601-Column-Metadata.csv,ST,Subject Table,S1601,2023,Column-Metadata,csv,True
Language(S1601)_2023_2019,D:\Projects\Community-Pulse\data\raw\Language(S1601)_2023_2019,Language,S1601,2023_2019,ACSST5Y2023.S1601-Data.csv,D:\Projects\Community-Pulse\data\raw\Language(S1601)_2023_2019\ACSST5Y2023.S1601-Data.csv,ST,Subject Table,S1601,2023,Data,csv,True
Language(S1601)_2023_2019,D:\Projects\Community-Pulse\data\raw\Language(S1601)_2023_2019,Language,S1601,2023_2019,ACSST5Y2023.S1601-Table-Notes.txt,D:\Projects\Community-Pulse\data\raw\Language(S1601)_2023_2019\ACSST5Y2023.S1601-Table-Notes.txt,ST,Subject Table,S1601,2023,Table-Notes,txt,True
Poverty(S1701)_2023-2019,D:\Projects\Community-Pulse\data\raw\Poverty(S1701)_2023-2019,Poverty,S1701,2023-2019,ACSST5Y2019.S1701-Column-Metadata.csv,D:\Projects\Community-Pulse\data\raw\Poverty(S1701)_2023-2019\ACSST5Y2019.S1701-Column-Metadata.csv,ST,Subject Table,S1701,2019,Column-Metadata,csv,True
Poverty(S1701)_2023-2019,D:\Projects\Community-Pulse\data\raw\Poverty(S1701)_2023-2019,Poverty,S1701,2023-2019,ACSST5Y2019.S1701-Data.csv,D:\Projects\Community-Pulse\data\raw\Poverty(S1701)_2023-2019\ACSST5Y2019.S1701-Data.csv,ST,Subject Table,S1701,2019,Data,csv,True
Poverty(S1701)_2023-2019,D:\Projects\Community-Pulse\data\raw\Poverty(S1701)_2023-2019,Poverty,S1701,2023-2019,ACSST5Y2019.S1701-Table-Notes.txt,D:\Projects\Community-Pulse\data\raw\Poverty(S1701)_2023-2019\ACSST5Y2019.S1701-Table-Notes.txt,ST,Subject Table,S1701,2019,Table-Notes,txt,True
Poverty(S1701)_2023-2019,D:\Projects\Community-Pulse\data\raw\Poverty(S1701)_2023-2019,Poverty,S1701,2023-2019,ACSST5Y2021.S1701-Column-Metadata.csv,D:\Projects\Community-Pulse\data\raw\Poverty(S1701)_2023-2019\ACSST5Y2021.S1701-Column-Metadata.csv,ST,Subject Table,S1701,2021,Column-Metadata,csv,True
Poverty(S1701)_2023-2019,D:\Projects\Community-Pulse\data\raw\Poverty(S1701)_2023-2019,Poverty,S1701,2023-2019,ACSST5Y2021.S1701-Data.csv,D:\Projects\Community-Pulse\data\raw\Poverty(S1701)_2023-2019\ACSST5Y2021.S1701-Data.csv,ST,Subject Table,S1701,2021,Data,csv,True
Poverty(S1701)_2023-2019,D:\Projects\Community-Pulse\data\raw\Poverty(S1701)_2023-2019,Poverty,S1701,2023-2019,ACSST5Y2021.S1701-Table-Notes.txt,D:\Projects\Community-Pulse\data\raw\Poverty(S1701)_2023-2019\ACSST5Y2021.S1701-Table-Notes.txt,ST,Subject Table,S1701,2021,Table-Notes,txt,True
Poverty(S1701)_2023-2019,D:\Projects\Community-Pulse\data\raw\Poverty(S1701)_2023-2019,Poverty,S1701,2023-2019,ACSST5Y2022.S1701-Column-Metadata.csv,D:\Projects\Community-Pulse\data\raw\Poverty(S1701)_2023-2019\ACSST5Y2022.S1701-Column-Metadata.csv,ST,Subject Table,S1701,2022,Column-Metadata,csv,True
Poverty(S1701)_2023-2019,D:\Projects\Community-Pulse\data\raw\Poverty(S1701)_2023-2019,Poverty,S1701,2023-2019,ACSST5Y2022.S1701-Data.csv,D:\Projects\Community-Pulse\data\raw\Poverty(S1701)_2023-2019\ACSST5Y2022.S1701-Data.csv,ST,Subject Table,S1701,2022,Data,csv,True
Poverty(S1701)_2023-2019,D:\Projects\Community-Pulse\data\raw\Poverty(S1701)_2023-2019,Poverty,S1701,2023-2019,ACSST5Y2022.S1701-Table-Notes.txt,D:\Projects\Community-Pulse\data\raw\Poverty(S1701)_2023-2019\ACSST5Y2022.S1701-Table-Notes.txt,ST,Subject Table,S1701,2022,Table-Notes,txt,True
Poverty(S1701)_2023-2019,D:\Projects\Community-Pulse\data\raw\Poverty(S1701)_2023-2019,Poverty,S1701,2023-2019,ACSST5Y2023.S1701-Column-Metadata.csv,D:\Projects\Community-Pulse\data\raw\Poverty(S1701)_2023-2019\ACSST5Y2023.S1701-Column-Metadata.csv,ST,Subject Table,S1701,2023,Column-Metadata,csv,True
Poverty(S1701)_2023-2019,D:\Projects\Community-Pulse\data\raw\Poverty(S1701)_2023-2019,Poverty,S1701,2023-2019,ACSST5Y2023.S1701-Data.csv,D:\Projects\Community-Pulse\data\raw\Poverty(S1701)_2023-2019\ACSST5Y2023.S1701-Data.csv,ST,Subject Table,S1701,2023,Data,csv,True
Poverty(S1701)_2023-2019,D:\Projects\Community-Pulse\data\raw\Poverty(S1701)_2023-2019,Poverty,S1701,2023-2019,ACSST5Y2023.S1701-Table-Notes.txt,D:\Projects\Community-Pulse\data\raw\Poverty(S1701)_2023-2019\ACSST5Y2023.S1701-Table-Notes.txt,ST,Subject Table,S1701,2023,Table-Notes,txt,True
IncomeDistribution(S1901)_2023_2019,D:\Projects\Community-Pulse\data\raw\IncomeDistribution(S1901)_2023_2019,IncomeDistribution,S1901,2023_2019,ACSST5Y2019.S1901-Column-Metadata.csv,D:\Projects\Community-Pulse\data\raw\IncomeDistribution(S1901)_2023_2019\ACSST5Y2019.S1901-Column-Metadata.csv,ST,Subject Table,S1901,2019,Column-Metadata,csv,True
IncomeDistribution(S1901)_2023_2019,D:\Projects\Community-Pulse\data\raw\IncomeDistribution(S1901)_2023_2019,IncomeDistribution,S1901,2023_2019,ACSST5Y2019.S1901-Data.csv,D:\Projects\Community-Pulse\data\raw\IncomeDistribution(S1901)_2023_2019\ACSST5Y2019.S1901-Data.csv,ST,Subject Table,S1901,2019,Data,csv,True
IncomeDistribution(S1901)_2023_2019,D:\Projects\Community-Pulse\data\raw\IncomeDistribution(S1901)_2023_2019,IncomeDistribution,S1901,2023_2019,ACSST5Y2019.S1901-Table-Notes.txt,D:\Projects\Community-Pulse\data\raw\IncomeDistribution(S1901)_2023_2019\ACSST5Y2019.S1901-Table-Notes.txt,ST,Subject Table,S1901,2019,Table-Notes,txt,True
IncomeDistribution(S1901)_2023_2019,D:\Projects\Community-Pulse\data\raw\IncomeDistribution(S1901)_2023_2019,IncomeDistribution,S1901,2023_2019,ACSST5Y2021.S1901-Column-Metadata.csv,D:\Projects\Community-Pulse\data\raw\IncomeDistribution(S1901)_2023_2019\ACSST5Y2021.S1901-Column-Metadata.csv,ST,Subject Table,S1901,2021,Column-Metadata,csv,True
IncomeDistribution(S1901)_2023_2019,D:\Projects\Community-Pulse\data\raw\IncomeDistribution(S1901)_2023_2019,IncomeDistribution,S1901,2023_2019,ACSST5Y2021.S1901-Data.csv,D:\Projects\Community-Pulse\data\raw\IncomeDistribution(S1901)_2023_2019\ACSST5Y2021.S1901-Data.csv,ST,Subject Table,S1901,2021,Data,csv,True
IncomeDistribution(S1901)_2023_2019,D:\Projects\Community-Pulse\data\raw\IncomeDistribution(S1901)_2023_2019,IncomeDistribution,S1901,2023_2019,ACSST5Y2021.S1901-Table-Notes.txt,D:\Projects\Community-Pulse\data\raw\IncomeDistribution(S1901)_2023_2019\ACSST5Y2021.S1901-Table-Notes.txt,ST,Subject Table,S1901,2021,Table-Notes,txt,True
IncomeDistribution(S1901)_2023_2019,D:\Projects\Community-Pulse\data\raw\IncomeDistribution(S1901)_2023_2019,IncomeDistribution,S1901,2023_2019,ACSST5Y2022.S1901-Column-Metadata.csv,D:\Projects\Community-Pulse\data\raw\IncomeDistribution(S1901)_2023_2019\ACSST5Y2022.S1901-Column-Metadata.csv,ST,Subject Table,S1901,2022,Column-Metadata,csv,True
IncomeDistribution(S1901)_2023_2019,D:\Projects\Community-Pulse\data\raw\IncomeDistribution(S1901)_2023_2019,IncomeDistribution,S1901,2023_2019,ACSST5Y2022.S1901-Data.csv,D:\Projects\Community-Pulse\data\raw\IncomeDistribution(S1901)_2023_2019\ACSST5Y2022.S1901-Data.csv,ST,Subject Table,S1901,2022,Data,csv,True
IncomeDistribution(S1901)_2023_2019,D:\Projects\Community-Pulse\data\raw\IncomeDistribution(S1901)_2023_2019,IncomeDistribution,S1901,2023_2019,ACSST5Y2022.S1901-Table-Notes.txt,D:\Projects\Community-Pulse\data\raw\IncomeDistribution(S1901)_2023_2019\ACSST5Y2022.S1901-Table-Notes.txt,ST,Subject Table,S1901,2022,Table-Notes,txt,True
IncomeDistribution(S1901)_2023_2019,D:\Projects\Community-Pulse\data\raw\IncomeDistribution(S1901)_2023_2019,IncomeDistribution,S1901,2023_2019,ACSST5Y2023.S1901-Column-Metadata.csv,D:\Projects\Community-Pulse\data\raw\IncomeDistribution(S1901)_2023_2019\ACSST5Y2023.S1901-Column-Metadata.csv,ST,Subject Table,S1901,2023,Column-Metadata,csv,True
IncomeDistribution(S1901)_2023_2019,D:\Projects\Community-Pulse\data\raw\IncomeDistribution(S1901)_2023_2019,IncomeDistribution,S1901,2023_2019,ACSST5Y2023.S1901-Data.csv,D:\Projects\Community-Pulse\data\raw\IncomeDistribution(S1901)_2023_2019\ACSST5Y2023.S1901-Data.csv,ST,Subject Table,S1901,2023,Data,csv,True
IncomeDistribution(S1901)_2023_2019,D:\Projects\Community-Pulse\data\raw\IncomeDistribution(S1901)_2023_2019,IncomeDistribution,S1901,2023_2019,ACSST5Y2023.S1901-Table-Notes.txt,D:\Projects\Community-Pulse\data\raw\IncomeDistribution(S1901)_2023_2019\ACSST5Y2023.S1901-Table-Notes.txt,ST,Subject Table,S1901,2023,Table-Notes,txt,True
EmploymentStatus(S2301)_2023_2019,D:\Projects\Community-Pulse\data\raw\EmploymentStatus(S2301)_2023_2019,EmploymentStatus,S2301,2023_2019,ACSST5Y2019.S2301-Column-Metadata.csv,D:\Projects\Community-Pulse\data\raw\EmploymentStatus(S2301)_2023_2019\ACSST5Y2019.S2301-Column-Metadata.csv,ST,Subject Table,S2301,2019,Column-Metadata,csv,True
EmploymentStatus(S2301)_2023_2019,D:\Projects\Community-Pulse\data\raw\EmploymentStatus(S2301)_2023_2019,EmploymentStatus,S2301,2023_2019,ACSST5Y2019.S2301-Data.csv,D:\Projects\Community-Pulse\data\raw\EmploymentStatus(S2301)_2023_2019\ACSST5Y2019.S2301-Data.csv,ST,Subject Table,S2301,2019,Data,csv,True
EmploymentStatus(S2301)_2023_2019,D:\Projects\Community-Pulse\data\raw\EmploymentStatus(S2301)_2023_2019,EmploymentStatus,S2301,2023_2019,ACSST5Y2019.S2301-Table-Notes.txt,D:\Projects\Community-Pulse\data\raw\EmploymentStatus(S2301)_2023_2019\ACSST5Y2019.S2301-Table-Notes.txt,ST,Subject Table,S2301,2019,Table-Notes,txt,True
EmploymentStatus(S2301)_2023_2019,D:\Projects\Community-Pulse\data\raw\EmploymentStatus(S2301)_2023_2019,EmploymentStatus,S2301,2023_2019,ACSST5Y2021.S2301-Column-Metadata.csv,D:\Projects\Community-Pulse\data\raw\EmploymentStatus(S2301)_2023_2019\ACSST5Y2021.S2301-Column-Metadata.csv,ST,Subject Table,S2301,2021,Column-Metadata,csv,True
EmploymentStatus(S2301)_2023_2019,D:\Projects\Community-Pulse\data\raw\EmploymentStatus(S2301)_2023_2019,EmploymentStatus,S2301,2023_2019,ACSST5Y2021.S2301-Data.csv,D:\Projects\Community-Pulse\data\raw\EmploymentStatus(S2301)_2023_2019\ACSST5Y2021.S2301-Data.csv,ST,Subject Table,S2301,2021,Data,csv,True
EmploymentStatus(S2301)_2023_2019,D:\Projects\Community-Pulse\data\raw\EmploymentStatus(S2301)_2023_2019,EmploymentStatus,S2301,2023_2019,ACSST5Y2021.S2301-Table-Notes.txt,D:\Projects\Community-Pulse\data\raw\EmploymentStatus(S2301)_2023_2019\ACSST5Y2021.S2301-Table-Notes.txt,ST,Subject Table,S2301,2021,Table-Notes,txt,True
EmploymentStatus(S2301)_2023_2019,D:\Projects\Community-Pulse\data\raw\EmploymentStatus(S2301)_2023_2019,EmploymentStatus,S2301,2023_2019,ACSST5Y2022.S2301-Column-Metadata.csv,D:\Projects\Community-Pulse\data\raw\EmploymentStatus(S2301)_2023_2019\ACSST5Y2022.S2301-Column-Metadata.csv,ST,Subject Table,S2301,2022,Column-Metadata,csv,True
EmploymentStatus(S2301)_2023_2019,D:\Projects\Community-Pulse\data\raw\EmploymentStatus(S2301)_2023_2019,EmploymentStatus,S2301,2023_2019,ACSST5Y2022.S2301-Data.csv,D:\Projects\Community-Pulse\data\raw\EmploymentStatus(S2301)_2023_2019\ACSST5Y2022.S2301-Data.csv,ST,Subject Table,S2301,2022,Data,csv,True
EmploymentStatus(S2301)_2023_2019,D:\Projects\Community-Pulse\data\raw\EmploymentStatus(S2301)_2023_2019,EmploymentStatus,S2301,2023_2019,ACSST5Y2022.S2301-Table-Notes.txt,D:\Projects\Community-Pulse\data\raw\EmploymentStatus(S2301)_2023_2019\ACSST5Y2022.S2301-Table-Notes.txt,ST,Subject Table,S2301,2022,Table-Notes,txt,True
EmploymentStatus(S2301)_2023_2019,D:\Projects\Community-Pulse\data\raw\EmploymentStatus(S2301)_2023_2019,EmploymentStatus,S2301,2023_2019,ACSST5Y2023.S2301-Column-Metadata.csv,D:\Projects\Community-Pulse\data\raw\EmploymentStatus(S2301)_2023_2019\ACSST5Y2023.S2301-Column-Metadata.csv,ST,Subject Table,S2301,2023,Column-Metadata,csv,True
EmploymentStatus(S2301)_2023_2019,D:\Projects\Community-Pulse\data\raw\EmploymentStatus(S2301)_2023_2019,EmploymentStatus,S2301,2023_2019,ACSST5Y2023.S2301-Data.csv,D:\Projects\Community-Pulse\data\raw\EmploymentStatus(S2301)_2023_2019\ACSST5Y2023.S2301-Data.csv,ST,Subject Table,S2301,2023,Data,csv,True
EmploymentStatus(S2301)_2023_2019,D:\Projects\Community-Pulse\data\raw\EmploymentStatus(S2301)_2023_2019,EmploymentStatus,S2301,2023_2019,ACSST5Y2023.S2301-Table-Notes.txt,D:\Projects\Community-Pulse\data\raw\EmploymentStatus(S2301)_2023_2019\ACSST5Y2023.S2301-Table-Notes.txt,ST,Subject Table,S2301,2023,Table-Notes,txt,True
Occupation(S2401)_2023_2019,D:\Projects\Community-Pulse\data\raw\Occupation(S2401)_2023_2019,Occupation,S2401,2023_2019,ACSST5Y2019.S2401-Column-Metadata.csv,D:\Projects\Community-Pulse\data\raw\Occupation(S2401)_2023_2019\ACSST5Y2019.S2401-Column-Metadata.csv,ST,Subject Table,S2401,2019,Column-Metadata,csv,True
Occupation(S2401)_2023_2019,D:\Projects\Community-Pulse\data\raw\Occupation(S2401)_2023_2019,Occupation,S2401,2023_2019,ACSST5Y2019.S2401-Data.csv,D:\Projects\Community-Pulse\data\raw\Occupation(S2401)_2023_2019\ACSST5Y2019.S2401-Data.csv,ST,Subject Table,S2401,2019,Data,csv,True
Occupation(S2401)_2023_2019,D:\Projects\Community-Pulse\data\raw\Occupation(S2401)_2023_2019,Occupation,S2401,2023_2019,ACSST5Y2019.S2401-Table-Notes.txt,D:\Projects\Community-Pulse\data\raw\Occupation(S2401)_2023_2019\ACSST5Y2019.S2401-Table-Notes.txt,ST,Subject Table,S2401,2019,Table-Notes,txt,True
Occupation(S2401)_2023_2019,D:\Projects\Community-Pulse\data\raw\Occupation(S2401)_2023_2019,Occupation,S2401,2023_2019,ACSST5Y2021.S2401-Column-Metadata.csv,D:\Projects\Community-Pulse\data\raw\Occupation(S2401)_2023_2019\ACSST5Y2021.S2401-Column-Metadata.csv,ST,Subject Table,S2401,2021,Column-Metadata,csv,True
Occupation(S2401)_2023_2019,D:\Projects\Community-Pulse\data\raw\Occupation(S2401)_2023_2019,Occupation,S2401,2023_2019,ACSST5Y2021.S2401-Data.csv,D:\Projects\Community-Pulse\data\raw\Occupation(S2401)_2023_2019\ACSST5Y2021.S2401-Data.csv,ST,Subject Table,S2401,2021,Data,csv,True
Occupation(S2401)_2023_2019,D:\Projects\Community-Pulse\data\raw\Occupation(S2401)_2023_2019,Occupation,S2401,2023_2019,ACSST5Y2021.S2401-Table-Notes.txt,D:\Projects\Community-Pulse\data\raw\Occupation(S2401)_2023_2019\ACSST5Y2021.S2401-Table-Notes.txt,ST,Subject Table,S2401,2021,Table-Notes,txt,True
Occupation(S2401)_2023_2019,D:\Projects\Community-Pulse\data\raw\Occupation(S2401)_2023_2019,Occupation,S2401,2023_2019,ACSST5Y2022.S2401-Column-Metadata.csv,D:\Projects\Community-Pulse\data\raw\Occupation(S2401)_2023_2019\ACSST5Y2022.S2401-Column-Metadata.csv,ST,Subject Table,S2401,2022,Column-Metadata,csv,True
Occupation(S2401)_2023_2019,D:\Projects\Community-Pulse\data\raw\Occupation(S2401)_2023_2019,Occupation,S2401,2023_2019,ACSST5Y2022.S2401-Data.csv,D:\Projects\Community-Pulse\data\raw\Occupation(S2401)_2023_2019\ACSST5Y2022.S2401-Data.csv,ST,Subject Table,S2401,2022,Data,csv,True
Occupation(S2401)_2023_2019,D:\Projects\Community-Pulse\data\raw\Occupation(S2401)_2023_2019,Occupation,S2401,2023_2019,ACSST5Y2022.S2401-Table-Notes.txt,D:\Projects\Community-Pulse\data\raw\Occupation(S2401)_2023_2019\ACSST5Y2022.S2401-Table-Notes.txt,ST,Subject Table,S2401,2022,Table-Notes,txt,True
Occupation(S2401)_2023_2019,D:\Projects\Community-Pulse\data\raw\Occupation(S2401)_2023_2019,Occupation,S2401,2023_2019,ACSST5Y2023.S2401-Column-Metadata.csv,D:\Projects\Community-Pulse\data\raw\Occupation(S2401)_2023_2019\ACSST5Y2023.S2401-Column-Metadata.csv,ST,Subject Table,S2401,2023,Column-Metadata,csv,True
Occupation(S2401)_2023_2019,D:\Projects\Community-Pulse\data\raw\Occupation(S2401)_2023_2019,Occupation,S2401,2023_2019,ACSST5Y2023.S2401-Data.csv,D:\Projects\Community-Pulse\data\raw\Occupation(S2401)_2023_2019\ACSST5Y2023.S2401-Data.csv,ST,Subject Table,S2401,2023,Data,csv,True
Occupation(S2401)_2023_2019,D:\Projects\Community-Pulse\data\raw\Occupation(S2401)_2023_2019,Occupation,S2401,2023_2019,ACSST5Y2023.S2401-Table-Notes.txt,D:\Projects\Community-Pulse\data\raw\Occupation(S2401)_2023_2019\ACSST5Y2023.S2401-Table-Notes.txt,ST,Subject Table,S2401,2023,Table-Notes,txt,True
