tract_geoid,display_area_label,primary_place,primary_zip,landmark_context_note,area_type,cluster_label,2019,2021,2022,2023,metric,change_first_to_last,change_2019_to_2021,change_2021_to_2022,change_2022_to_2023
17019001201,Champaign — Mixed residential area,Champaign,61821.0,General tract context note not flagged by the current rule set.,Mixed residential area,cluster_0,1643.85256751621,1217.7789803575745,1813.4725546342852,1643.419481924299,estimated_alice_households,-0.4330855919110945,-426.0735871586355,595.6935742767107,-170.05307270998628
17019005401,Urbana — Mixed residential area,Urbana,61802.0,Renter-heavy housing profile; more very-low-income households.,Mixed residential area,cluster_0,1563.6859670702472,1234.8287894643472,1578.1189449299343,1321.943420393742,estimated_alice_households,-241.7425466765053,-328.8571776059,343.2901554655871,-256.17552453619237
17019010100,Rantoul — Mixed residential area,Rantoul,61866.0,General tract context note not flagged by the current rule set.,Mixed residential area,cluster_0,1417.3944770646171,982.5906524899176,1203.5632960533244,884.5211972358484,estimated_alice_households,-532.8732798287688,-434.80382457469955,220.9726435634068,-319.042098817476
17019005300,Urbana — Student-dense area,Urbana,61801.0,Higher student concentration; renter-heavy housing profile; higher poverty rate; more very-low-income households.,Student-dense area,cluster_1,1387.5352511480055,1272.2725460935212,1737.455648677016,1523.3823776624586,estimated_alice_households,135.84712651445307,-115.26270505448429,465.1831025834947,-214.07327101455735
17019000301,Champaign — Student-dense area,Champaign,61820.0,Higher student concentration; renter-heavy housing profile; higher poverty rate; more very-low-income households.,Student-dense area,cluster_1,1338.362510352849,1202.7972482686555,1712.377144866199,1843.78259160379,estimated_alice_households,505.42008125094094,-135.5652620841936,509.57989659754344,131.4054467375911
17019000901,Champaign — Family-oriented residential area,Champaign,61821.0,More very-low-income households; more households with children.,Family-oriented residential area,cluster_0,1313.2185832279813,1066.9926784047088,1441.9014417749595,1151.0333367250028,estimated_alice_households,-162.18524650297854,-246.22590482327246,374.90876337025065,-290.86810504995674
17019005701,Urbana — Senior-heavy residential area,Urbana,61801.0,Older age profile.,Senior-heavy residential area,cluster_0,1146.4904711578697,1228.6741183011231,1622.391733913426,1373.1520177480888,estimated_alice_households,226.66154659021913,82.18364714325344,393.7176156123028,-249.2397161653371
17019000500,Champaign — Mixed residential area,Champaign,61820.0,More households with children.,Mixed residential area,cluster_0,1036.4308576050607,625.163286968466,821.4287904164864,732.9080381681229,estimated_alice_households,-303.5228194369379,-411.26757063659477,196.26550344802047,-88.52075224836358
17019010204,Rantoul — Mixed residential area,Rantoul,61866.0,General tract context note not flagged by the current rule set.,Mixed residential area,cluster_0,1014.6963663093624,899.8914925066929,1120.245984397093,832.7954800720322,estimated_alice_households,-181.90088623733016,-114.80487380266948,220.35449189040014,-287.4505043250608
17019000902,Champaign — Family-oriented residential area,Champaign,61822.0,More households with children.,Family-oriented residential area,cluster_0,1004.3553949572666,895.8041121127609,766.1382624424115,949.353103718288,estimated_alice_households,-55.002291238978614,-108.55128284450575,-129.66584967034942,183.21484127587655
17019000800,Champaign — Mixed residential area,Champaign,61822.0,Renter-heavy housing profile.,Mixed residential area,cluster_0,995.5756948998048,815.246583646191,1065.482038194997,998.0135514892812,estimated_alice_households,2.4378565894763824,-180.32911125361386,250.23545454880593,-67.46848670571569
17019000700,Champaign — Mixed residential area,Champaign,61820.0,General tract context note not flagged by the current rule set.,Mixed residential area,cluster_0,973.9919577716474,886.1106787082493,1086.0566225208818,943.3890899989864,estimated_alice_households,-30.602867772661057,-87.8812790633981,199.94594381263244,-142.6675325218954
17019005500,Urbana — Senior-heavy residential area,Urbana,61802.0,Older age profile.,Senior-heavy residential area,cluster_0,899.6762023667138,754.0024489881138,1139.9707935815866,1055.9391332542775,estimated_alice_households,156.2629308875637,-145.67375337860005,385.9683445934728,-84.03166032730905
17019000302,Champaign — Student-dense area,Champaign,61820.0,Higher student concentration; renter-heavy housing profile; higher poverty rate; more very-low-income households.,Student-dense area,cluster_1,894.0536697564102,856.2842603398707,1171.876338690266,1089.4798903998194,estimated_alice_households,195.42622064340924,-37.769409416539474,315.59207835039535,-82.39644829044664
17019005402,Urbana — Senior-heavy residential area,Urbana,61802.0,Older age profile.,Senior-heavy residential area,cluster_0,863.7926129031426,674.4466308611509,690.2430820456627,731.3352494161609,estimated_alice_households,-132.45736348698176,-189.34598204199176,15.796451184511852,41.092167370498146
17019000402,Champaign — Student-dense area,Champaign,61820.0,Higher student concentration; renter-heavy housing profile; higher poverty rate; more very-low-income households.,Student-dense area,cluster_1,810.180155046283,583.9119280519532,703.9318770558308,690.5260917704776,estimated_alice_households,-119.65406327580536,-226.26822699432978,120.01994900387763,-13.405785285353204
17019010300,Rantoul — Family-oriented residential area,Rantoul,61866.0,Renter-heavy housing profile; higher poverty rate; more households with children.,Family-oriented residential area,cluster_0,732.3055629388472,760.0088917665394,1090.7397137924695,887.8093377938114,estimated_alice_households,155.50377485496426,27.70332882769219,330.73082202593014,-202.93037599865806
17019011100,Urbana — Student-dense area,Urbana,61801.0,Higher student concentration; renter-heavy housing profile; higher poverty rate; more very-low-income households.,Student-dense area,cluster_1,672.2314888703883,509.8382139238673,697.9534680826918,655.700648667046,estimated_alice_households,-16.530840203342223,-162.393274946521,188.11525415882448,-42.25281941564572
17019001000,Champaign — Mixed residential area,Champaign,61821.0,General tract context note not flagged by the current rule set.,Mixed residential area,cluster_0,622.8891253455076,693.862740113883,907.1706212781054,736.3178493614524,estimated_alice_households,113.4287240159448,70.97361476837534,213.3078811642224,-170.85277191665296
17019000200,Champaign — Higher economic stress area,Champaign,61820.0,Higher poverty rate; more very-low-income households.,Higher economic stress area,cluster_0,604.7617871131105,608.7294308122422,802.2889767029509,698.1127693922025,estimated_alice_households,93.35098227909202,3.967643699131713,193.5595458907087,-104.1762073107484
17019005702,Urbana — Senior-heavy residential area,Urbana,61802.0,Older age profile.,Senior-heavy residential area,cluster_0,602.7510082741072,82.900310450318,41.31526102357544,33.22019304408472,estimated_alice_households,-569.5308152300225,-519.8506978237892,-41.585049426742565,-8.095067979490715
17019001302,Savoy — Senior-heavy residential area,Savoy,61822.0,Older age profile.,Senior-heavy residential area,cluster_0,566.5165891498355,467.8751896495681,371.3122337785284,218.4719001730685,estimated_alice_households,-348.04468897676696,-98.64139950026737,-96.56295587103966,-152.84033360545993
17019001400,Champaign — Family-oriented residential area,Champaign,61874.0,Higher student concentration; more households with children.,Family-oriented residential area,cluster_0,547.6271243447526,405.4678453187272,377.6087568707735,367.7534401058887,estimated_alice_households,-179.87368423886386,-142.1592790260254,-27.859088447953695,-9.855316764884776
17019010400,Rantoul — Senior-heavy residential area,Rantoul,61866.0,Older age profile.,Senior-heavy residential area,cluster_0,546.6390341701748,470.35416037179306,474.0436146038411,363.0841553497515,estimated_alice_households,-183.5548788204233,-76.28487379838174,3.6894542320480355,-110.95945925408961
17019010603,Mahomet — Family-oriented residential area,Mahomet,61853.0,More households with children.,Family-oriented residential area,cluster_0,543.2036607834422,419.1966645053908,513.4055026482615,704.3918773917777,estimated_alice_households,161.18821660833555,-124.00699627805136,94.20883814287072,190.9863747435162
17019005800,Urbana — Higher economic stress area,Urbana,61801.0,Higher poverty rate; more very-low-income households.,Higher economic stress area,cluster_0,539.3878374230899,489.4378785798528,671.9119296794045,602.6550256967577,estimated_alice_households,63.267188273667784,-49.949958843237084,182.47405109955167,-69.2569039826468
17019001301,Champaign — Senior-heavy residential area,Champaign,61821.0,Older age profile.,Senior-heavy residential area,cluster_0,528.4878682541685,774.8687980135269,901.9653957837814,816.4585561827199,estimated_alice_households,287.97068792855146,246.38092975935842,127.09659777025456,-85.50683960106153
17019010800,Sidney — Senior-heavy residential area,Sidney,61877.0,More households with children; older age profile.,Senior-heavy residential area,cluster_0,475.590973226076,441.73685199099,476.2758368882525,458.93821226159736,estimated_alice_households,-16.65276096447866,-33.85412123508604,34.53898489726254,-17.337624626655156
17019001205,Champaign — Family-oriented residential area,Champaign,61822.0,More households with children.,Family-oriented residential area,cluster_0,436.9751186669939,1086.985496398825,828.6073083327872,858.7071745214058,estimated_alice_households,421.7320558544119,650.0103777318311,-258.37818806603786,30.09986618861865
17019010604,Champaign — Senior-heavy residential area,Champaign,61822.0,Older age profile.,Senior-heavy residential area,cluster_0,428.160509455138,262.97322817737864,177.73708078662995,181.76170159823053,estimated_alice_households,-246.3988078569075,-165.18728127775938,-85.2361473907487,4.024620811600585
17019001100,Champaign — Senior-heavy residential area,Champaign,61821.0,Older age profile.,Senior-heavy residential area,cluster_0,349.1638035155291,351.0472385276164,309.6718660679234,425.4768091337403,estimated_alice_households,76.3130056182112,1.8834350120873182,-41.37537245969298,115.80494306581687
17019006000,Urbana — Student-dense area,Urbana,61802.0,Higher student concentration; renter-heavy housing profile; higher poverty rate; more very-low-income households.,Student-dense area,cluster_1,340.8915393398563,228.537258681283,324.63192986066656,286.7657219221817,estimated_alice_households,-54.125817417674625,-112.35428065857332,96.09467117938357,-37.86620793848488
17019001203,Champaign — Senior-heavy residential area,Champaign,61821.0,Older age profile.,Senior-heavy residential area,cluster_0,284.2834532477103,311.4145659460776,131.63515408636977,225.74043314719583,estimated_alice_households,-58.5430201005145,27.131112698367247,-179.7794118597078,94.10527906082606
17019000401,Champaign — Student-dense area,Champaign,61820.0,Higher student concentration; renter-heavy housing profile; higher poverty rate; more very-low-income households.,Student-dense area,cluster_1,274.94769077663165,286.36954733266595,390.1308602303607,376.7664282604805,estimated_alice_households,101.81873748384885,11.4218565560343,103.76131289769478,-13.36443196988023
17019010500,Fisher — Family-oriented residential area,Fisher,61843.0,More households with children; older age profile.,Family-oriented residential area,cluster_0,257.27935514544555,175.12185043532585,0.874985947052867,0.757934912379254,estimated_alice_households,-256.5214202330663,-82.1575047101197,-174.246864488273,-0.117051034673613
17019010601,Mahomet — Family-oriented residential area,Mahomet,61853.0,More households with children.,Family-oriented residential area,cluster_0,146.95698481636353,134.65103260843,81.46579935499345,282.4333181287048,estimated_alice_households,135.47633331234127,-12.30595220793353,-53.18523325343655,200.96751877371133
17019001206,Champaign — Senior-heavy residential area,Champaign,61822.0,Older age profile.,Senior-heavy residential area,cluster_0,144.6210668944206,158.0335481352953,87.60305712085513,67.75608028175472,estimated_alice_households,-76.86498661266589,13.412481240874683,-70.43049101444016,-19.846976839100407
17019001204,Champaign — Family-oriented residential area,Champaign,61822.0,More households with children; older age profile.,Family-oriented residential area,cluster_0,0.5698901391172067,0.4927985527807276,229.91262722834597,123.7478882607375,estimated_alice_households,123.17799812162029,-0.07709158633647906,229.41982867556524,-106.16473896760847
17019001201,Champaign — Mixed residential area,Champaign,61821.0,General tract context note not flagged by the current rule set.,Mixed residential area,cluster_0,57.61838652352647,41.23870573510242,60.36859369621455,56.20449664583786,estimated_alice_rate_proxy_pct,-1.4138898776886109,-16.379680788424047,19.129887961112132,-4.1640970503766965
17019005401,Urbana — Mixed residential area,Urbana,61802.0,Renter-heavy housing profile; more very-low-income households.,Mixed residential area,cluster_0,66.4267615577845,56.41063451184775,71.31129439358041,59.68141852793418,estimated_alice_rate_proxy_pct,-6.745343029850325,-10.016127045936749,14.900659881732658,-11.629875865646234
17019010100,Rantoul — Mixed residential area,Rantoul,61866.0,General tract context note not flagged by the current rule set.,Mixed residential area,cluster_0,67.5593173052725,50.59684101389895,56.718345714105766,46.824838392580645,estimated_alice_rate_proxy_pct,-20.734478912691856,-16.962476291373548,6.121504700206813,-9.89350732152512
17019005300,Urbana — Student-dense area,Urbana,61801.0,Higher student concentration; renter-heavy housing profile; higher poverty rate; more very-low-income households.,Student-dense area,cluster_1,57.12372380189402,54.13925728057537,75.14946577322735,72.889108979065,estimated_alice_rate_proxy_pct,15.765385177170977,-2.9844665213186516,21.010208492651977,-2.260356794162348
17019000301,Champaign — Student-dense area,Champaign,61820.0,Higher student concentration; renter-heavy housing profile; higher poverty rate; more very-low-income households.,Student-dense area,cluster_1,65.12712945755956,55.60782470035392,78.83872674337933,74.5565140155192,estimated_alice_rate_proxy_pct,9.429384557959636,-9.519304757205639,23.230902043025402,-4.282212727860127
17019000901,Champaign — Family-oriented residential area,Champaign,61821.0,More very-low-income households; more households with children.,Family-oriented residential area,cluster_0,67.0693862731349,57.150116679416655,74.9818742472678,59.57729486154258,estimated_alice_rate_proxy_pct,-7.4920914115923125,-9.91926959371824,17.83175756785114,-15.404579385725214
17019005701,Urbana — Senior-heavy residential area,Urbana,61801.0,Older age profile.,Senior-heavy residential area,cluster_0,48.60069822627679,52.96009130608289,67.34710393995125,56.6715649091246,estimated_alice_rate_proxy_pct,8.070866682847807,4.359393079806097,14.387012633868366,-10.675539030826656
17019000500,Champaign — Mixed residential area,Champaign,61820.0,More households with children.,Mixed residential area,cluster_0,51.97747530617155,33.84749794090233,44.86230422809866,41.80878711740576,estimated_alice_rate_proxy_pct,-10.168688188765792,-18.12997736526922,11.014806287196329,-3.0535171106929013
17019010204,Rantoul — Mixed residential area,Rantoul,61866.0,General tract context note not flagged by the current rule set.,Mixed residential area,cluster_0,59.37369024630558,45.15260875598058,58.10404483387413,41.06486588126392,estimated_alice_rate_proxy_pct,-18.30882436504166,-14.221081490324998,12.951436077893547,-17.039178952610207
17019000902,Champaign — Family-oriented residential area,Champaign,61822.0,More households with children.,Family-oriented residential area,cluster_0,34.98277237747359,30.96453895999865,26.1838093794399,31.666214266787463,estimated_alice_rate_proxy_pct,-3.316558110686124,-4.018233417474939,-4.780729580558749,5.482404887347563
17019000800,Champaign — Mixed residential area,Champaign,61822.0,Renter-heavy housing profile.,Mixed residential area,cluster_0,35.16692670080554,27.82411548280515,35.32765378630626,33.51287949930427,estimated_alice_rate_proxy_pct,-1.654047201501271,-7.342811218000389,7.503538303501106,-1.8147742870019883
17019000700,Champaign — Mixed residential area,Champaign,61820.0,General tract context note not flagged by the current rule set.,Mixed residential area,cluster_0,73.4533904805164,63.65737634398343,76.86175672476162,64.65997875250076,estimated_alice_rate_proxy_pct,-8.793411728015641,-9.796014136532975,13.20438038077819,-12.201777972260857
17019005500,Urbana — Senior-heavy residential area,Urbana,61802.0,Older age profile.,Senior-heavy residential area,cluster_0,41.670968150380446,36.02496172900687,51.746291129441055,44.03415901810999,estimated_alice_rate_proxy_pct,2.363190867729543,-5.646006421373578,15.721329400434186,-7.712132111331066
17019000302,Champaign — Student-dense area,Champaign,61820.0,Higher student concentration; renter-heavy housing profile; higher poverty rate; more very-low-income households.,Student-dense area,cluster_1,58.43488037623595,52.987887397269226,69.0557653912944,59.30756071855304,estimated_alice_rate_proxy_pct,0.8726803423170892,-5.446992978966726,16.067877994025174,-9.748204672741359
17019005402,Urbana — Senior-heavy residential area,Urbana,61802.0,Older age profile.,Senior-heavy residential area,cluster_0,54.98361635284167,39.326334161000055,39.87539468779103,40.02929662923705,estimated_alice_rate_proxy_pct,-14.95431972360462,-15.657282191841617,0.5490605267909743,0.15390194144602276
17019000402,Champaign — Student-dense area,Champaign,61820.0,Higher student concentration; renter-heavy housing profile; higher poverty rate; more very-low-income households.,Student-dense area,cluster_1,60.96163694855402,51.22034456596081,67.81617312676597,58.91860851283938,estimated_alice_rate_proxy_pct,-2.043028435714646,-9.741292382593215,16.595828560805167,-8.897564613926598
17019010300,Rantoul — Family-oriented residential area,Rantoul,61866.0,Renter-heavy housing profile; higher poverty rate; more households with children.,Family-oriented residential area,cluster_0,65.50139203388615,63.43980732608843,89.62528461729414,74.85744838059118,estimated_alice_rate_proxy_pct,9.356056346705032,-2.0615847077977207,26.185477291205714,-14.767836236702962
17019011100,Urbana — Student-dense area,Urbana,61801.0,Higher student concentration; renter-heavy housing profile; higher poverty rate; more very-low-income households.,Student-dense area,cluster_1,62.18607667626164,54.35375414966602,69.03595134349078,61.85855176104208,estimated_alice_rate_proxy_pct,-0.32752491521956273,-7.832322526595625,14.682197193824763,-7.1773995824487
17019001000,Champaign — Mixed residential area,Champaign,61821.0,General tract context note not flagged by the current rule set.,Mixed residential area,cluster_0,32.341076082321266,32.868912369203365,44.4038483249195,36.415323905116345,estimated_alice_rate_proxy_pct,4.07424782279508,0.5278362868820992,11.534935955716136,-7.988524419803156
17019000200,Champaign — Higher economic stress area,Champaign,61820.0,Higher poverty rate; more very-low-income households.,Higher economic stress area,cluster_0,86.27129630714843,66.09440073965713,89.84199067222295,78.08867666579447,estimated_alice_rate_proxy_pct,-8.182619641353966,-20.1768955674913,23.747589932565816,-11.753314006428482
17019005702,Urbana — Senior-heavy residential area,Urbana,61802.0,Older age profile.,Senior-heavy residential area,cluster_0,35.665740134562554,12.155470740515836,5.810866529335504,4.78677133200068,estimated_alice_rate_proxy_pct,-30.878968802561875,-23.510269394046716,-6.344604211180332,-1.024095197334824
17019001302,Savoy — Senior-heavy residential area,Savoy,61822.0,Older age profile.,Senior-heavy residential area,cluster_0,27.4741313845701,23.048038898993504,18.237339576548543,10.880074709814169,estimated_alice_rate_proxy_pct,-16.594056674755933,-4.426092485576596,-4.810699322444961,-7.357264866734374
17019001400,Champaign — Family-oriented residential area,Champaign,61874.0,Higher student concentration; more households with children.,Family-oriented residential area,cluster_0,32.63570466893639,25.501122347089755,23.82389633254091,23.172869571889645,estimated_alice_rate_proxy_pct,-9.462835097046746,-7.134582321846636,-1.6772260145488431,-0.6510267606512663
17019010400,Rantoul — Senior-heavy residential area,Rantoul,61866.0,Older age profile.,Senior-heavy residential area,cluster_0,29.014810730901,26.528717449057705,26.96493825960416,21.195805916506217,estimated_alice_rate_proxy_pct,-7.819004814394784,-2.4860932818432957,0.43622081054645534,-5.769132343097944
17019010603,Mahomet — Family-oriented residential area,Mahomet,61853.0,More households with children.,Family-oriented residential area,cluster_0,20.568105292822494,16.536357574177153,19.228670511170844,26.021125873357136,estimated_alice_rate_proxy_pct,5.453020580534641,-4.031747718645342,2.692312936993691,6.792455362186292
17019005800,Urbana — Higher economic stress area,Urbana,61801.0,Higher poverty rate; more very-low-income households.,Higher economic stress area,cluster_0,33.9878914570315,33.523142368483065,41.60445385011792,40.52824651625808,estimated_alice_rate_proxy_pct,6.540355059226577,-0.46474908854843733,8.081311481634856,-1.0762073338598412
17019001301,Champaign — Senior-heavy residential area,Champaign,61821.0,Older age profile.,Senior-heavy residential area,cluster_0,18.955805891469456,28.63521056960557,35.0005974304921,30.751734696147643,estimated_alice_rate_proxy_pct,11.795928804678187,9.679404678136112,6.365386860886531,-4.248862734344456
17019010800,Sidney — Senior-heavy residential area,Sidney,61877.0,More households with children; older age profile.,Senior-heavy residential area,cluster_0,26.58417961017753,26.356614080608,30.04894869957429,28.9550922562522,estimated_alice_rate_proxy_pct,2.3709126460746717,-0.22756552956952802,3.6923346189662887,-1.093856443322089
17019001205,Champaign — Family-oriented residential area,Champaign,61822.0,More households with children.,Family-oriented residential area,cluster_0,15.073305231700376,33.251315276807134,25.73314622151513,26.11639825186757,estimated_alice_rate_proxy_pct,11.043093020167193,18.17801004510676,-7.518169055292002,0.3832520303524376
17019010604,Champaign — Senior-heavy residential area,Champaign,61822.0,Older age profile.,Senior-heavy residential area,cluster_0,40.93312709896156,21.969359079146088,14.898330325786253,15.071451210466876,estimated_alice_rate_proxy_pct,-25.861675888494688,-18.963768019815475,-7.071028753359835,0.17312088468062292
17019001100,Champaign — Senior-heavy residential area,Champaign,61821.0,Older age profile.,Senior-heavy residential area,cluster_0,20.85805277870544,21.62952794378413,19.246231576626688,25.042778642362585,estimated_alice_rate_proxy_pct,4.184725863657146,0.7714751650786908,-2.383296367157442,5.796547065735897
17019006000,Urbana — Student-dense area,Urbana,61802.0,Higher student concentration; renter-heavy housing profile; higher poverty rate; more very-low-income households.,Student-dense area,cluster_1,46.63358951297624,37.22105190248909,52.359988687204286,48.76968059901049,estimated_alice_rate_proxy_pct,2.1360910860342486,-9.412537610487156,15.138936784715199,-3.590308088193794
17019001203,Champaign — Senior-heavy residential area,Champaign,61821.0,Older age profile.,Senior-heavy residential area,cluster_0,14.608604997312966,16.261857229560185,7.039313052747047,11.493912074704472,estimated_alice_rate_proxy_pct,-3.1146929226084943,1.653252232247219,-9.222544176813138,4.454599021957425
17019000401,Champaign — Student-dense area,Champaign,61820.0,Higher student concentration; renter-heavy housing profile; higher poverty rate; more very-low-income households.,Student-dense area,cluster_1,57.28076891179826,52.73840650693664,71.06208747365405,57.08582246370917,estimated_alice_rate_proxy_pct,-0.194946448089091,-4.5423624048616205,18.323680966717404,-13.976265009944875
17019010500,Fisher — Family-oriented residential area,Fisher,61843.0,More households with children; older age profile.,Family-oriented residential area,cluster_0,15.26880445967036,11.020884231298036,0.0546524639008661,0.0477288987644366,estimated_alice_rate_proxy_pct,-15.221075560905923,-4.247920228372324,-10.966231767397169,-0.006923565136429499
17019010601,Mahomet — Family-oriented residential area,Mahomet,61853.0,More households with children.,Family-oriented residential area,cluster_0,6.847948966279755,6.508024775661189,3.999302864751765,13.954215322564467,estimated_alice_rate_proxy_pct,7.106266356284713,-0.33992419061856527,-2.5087219109094243,9.954912457812702
17019001206,Champaign — Senior-heavy residential area,Champaign,61822.0,Older age profile.,Senior-heavy residential area,cluster_0,16.359849196201427,17.69692588301179,10.631438970977564,8.54427241888458,estimated_alice_rate_proxy_pct,-7.815576777316847,1.337076686810363,-7.065486912034226,-2.0871665520929845
17019001204,Champaign — Family-oriented residential area,Champaign,61822.0,More households with children; older age profile.,Family-oriented residential area,cluster_0,0.0431408129536114,0.0364226572639118,15.955074755610404,8.366997177872717,estimated_alice_rate_proxy_pct,8.323856364919106,-0.0067181556896995995,15.918652098346492,-7.588077577737687
17019001201,Champaign — Mixed residential area,Champaign,61821.0,General tract context note not flagged by the current rule set.,Mixed residential area,cluster_0,19.3,15.1,18.8,24.6,poverty_rate,5.300000000000001,-4.200000000000001,3.700000000000001,5.800000000000001
17019005401,Urbana — Mixed residential area,Urbana,61802.0,Renter-heavy housing profile; more very-low-income households.,Mixed residential area,cluster_0,28.7,22.5,20.5,15.2,poverty_rate,-13.5,-6.199999999999999,-2.0,-5.300000000000001
17019010100,Rantoul — Mixed residential area,Rantoul,61866.0,General tract context note not flagged by the current rule set.,Mixed residential area,cluster_0,14.6,8.7,7.4,6.9,poverty_rate,-7.699999999999999,-5.9,-1.299999999999999,-0.5
17019005300,Urbana — Student-dense area,Urbana,61801.0,Higher student concentration; renter-heavy housing profile; higher poverty rate; more very-low-income households.,Student-dense area,cluster_1,49.6,47.2,44.3,42.9,poverty_rate,-6.700000000000003,-2.3999999999999986,-2.9000000000000057,-1.3999999999999986
17019000301,Champaign — Student-dense area,Champaign,61820.0,Higher student concentration; renter-heavy housing profile; higher poverty rate; more very-low-income households.,Student-dense area,cluster_1,82.5,81.5,84.2,86.7,poverty_rate,4.200000000000003,-1.0,2.700000000000003,2.5
17019000901,Champaign — Family-oriented residential area,Champaign,61821.0,More very-low-income households; more households with children.,Family-oriented residential area,cluster_0,28.3,27.1,19.0,13.7,poverty_rate,-14.600000000000001,-1.1999999999999993,-8.100000000000001,-5.300000000000001
17019005701,Urbana — Senior-heavy residential area,Urbana,61801.0,Older age profile.,Senior-heavy residential area,cluster_0,14.7,17.2,19.3,13.8,poverty_rate,-0.8999999999999986,2.5,2.1000000000000014,-5.5
17019000500,Champaign — Mixed residential area,Champaign,61820.0,More households with children.,Mixed residential area,cluster_0,29.3,16.7,19.1,17.2,poverty_rate,-12.100000000000001,-12.600000000000001,2.400000000000002,-1.9000000000000021
17019010204,Rantoul — Mixed residential area,Rantoul,61866.0,General tract context note not flagged by the current rule set.,Mixed residential area,cluster_0,16.4,21.0,24.8,20.1,poverty_rate,3.700000000000003,4.600000000000001,3.8000000000000007,-4.699999999999999
17019000902,Champaign — Family-oriented residential area,Champaign,61822.0,More households with children.,Family-oriented residential area,cluster_0,10.6,8.6,9.2,7.8,poverty_rate,-2.8,-2.0,0.5999999999999996,-1.3999999999999995
17019000800,Champaign — Mixed residential area,Champaign,61822.0,Renter-heavy housing profile.,Mixed residential area,cluster_0,8.5,12.7,11.8,12.5,poverty_rate,4.0,4.199999999999999,-0.8999999999999986,0.6999999999999993
17019000700,Champaign — Mixed residential area,Champaign,61820.0,General tract context note not flagged by the current rule set.,Mixed residential area,cluster_0,24.3,30.2,28.7,24.8,poverty_rate,0.5,5.899999999999999,-1.5,-3.8999999999999986
17019005500,Urbana — Senior-heavy residential area,Urbana,61802.0,Older age profile.,Senior-heavy residential area,cluster_0,12.3,12.2,21.7,18.6,poverty_rate,6.300000000000001,-0.10000000000000142,9.5,-3.099999999999998
17019000302,Champaign — Student-dense area,Champaign,61820.0,Higher student concentration; renter-heavy housing profile; higher poverty rate; more very-low-income households.,Student-dense area,cluster_1,68.4,63.5,63.2,60.4,poverty_rate,-8.000000000000007,-4.900000000000006,-0.29999999999999716,-2.8000000000000043
17019005402,Urbana — Senior-heavy residential area,Urbana,61802.0,Older age profile.,Senior-heavy residential area,cluster_0,18.0,19.1,20.7,18.8,poverty_rate,0.8000000000000007,1.1000000000000014,1.5999999999999979,-1.8999999999999986
17019000402,Champaign — Student-dense area,Champaign,61820.0,Higher student concentration; renter-heavy housing profile; higher poverty rate; more very-low-income households.,Student-dense area,cluster_1,87.8,89.1,87.3,87.8,poverty_rate,0.0,1.2999999999999972,-1.7999999999999972,0.5
17019010300,Rantoul — Family-oriented residential area,Rantoul,61866.0,Renter-heavy housing profile; higher poverty rate; more households with children.,Family-oriented residential area,cluster_0,27.1,29.6,29.6,30.1,poverty_rate,3.0,2.5,0.0,0.5
17019011100,Urbana — Student-dense area,Urbana,61801.0,Higher student concentration; renter-heavy housing profile; higher poverty rate; more very-low-income households.,Student-dense area,cluster_1,56.3,52.6,52.9,45.9,poverty_rate,-10.399999999999999,-3.6999999999999957,0.29999999999999716,-7.0
17019001000,Champaign — Mixed residential area,Champaign,61821.0,General tract context note not flagged by the current rule set.,Mixed residential area,cluster_0,15.7,12.5,19.7,21.8,poverty_rate,6.100000000000001,-3.1999999999999993,7.199999999999999,2.1000000000000014
17019000200,Champaign — Higher economic stress area,Champaign,61820.0,Higher poverty rate; more very-low-income households.,Higher economic stress area,cluster_0,43.2,39.0,40.3,45.1,poverty_rate,1.8999999999999986,-4.200000000000003,1.2999999999999972,4.800000000000004
17019005702,Urbana — Senior-heavy residential area,Urbana,61802.0,Older age profile.,Senior-heavy residential area,cluster_0,19.6,5.1,2.0,1.1,poverty_rate,-18.5,-14.500000000000002,-3.0999999999999996,-0.8999999999999999
17019001302,Savoy — Senior-heavy residential area,Savoy,61822.0,Older age profile.,Senior-heavy residential area,cluster_0,6.6,4.2,5.2,7.2,poverty_rate,0.6000000000000005,-2.3999999999999995,1.0,2.0
17019001400,Champaign — Family-oriented residential area,Champaign,61874.0,Higher student concentration; more households with children.,Family-oriented residential area,cluster_0,20.1,15.7,15.4,11.8,poverty_rate,-8.3,-4.400000000000002,-0.29999999999999893,-3.5999999999999996
17019010400,Rantoul — Senior-heavy residential area,Rantoul,61866.0,Older age profile.,Senior-heavy residential area,cluster_0,7.7,6.6,7.3,8.2,poverty_rate,0.4999999999999991,-1.1000000000000005,0.7000000000000002,0.8999999999999995
17019010603,Mahomet — Family-oriented residential area,Mahomet,61853.0,More households with children.,Family-oriented residential area,cluster_0,8.1,5.2,5.8,6.0,poverty_rate,-2.0999999999999996,-2.8999999999999995,0.5999999999999996,0.20000000000000018
17019005800,Urbana — Higher economic stress area,Urbana,61801.0,Higher poverty rate; more very-low-income households.,Higher economic stress area,cluster_0,27.0,30.8,36.2,30.6,poverty_rate,3.6000000000000014,3.8000000000000007,5.400000000000002,-5.600000000000001
17019001301,Champaign — Senior-heavy residential area,Champaign,61821.0,Older age profile.,Senior-heavy residential area,cluster_0,9.3,9.0,7.0,5.0,poverty_rate,-4.300000000000001,-0.3000000000000007,-2.0,-2.0
17019010800,Sidney — Senior-heavy residential area,Sidney,61877.0,More households with children; older age profile.,Senior-heavy residential area,cluster_0,7.7,7.3,8.7,7.5,poverty_rate,-0.20000000000000018,-0.40000000000000036,1.3999999999999995,-1.1999999999999993
17019001205,Champaign — Family-oriented residential area,Champaign,61822.0,More households with children.,Family-oriented residential area,cluster_0,7.8,10.5,11.2,10.3,poverty_rate,2.500000000000001,2.7,0.6999999999999993,-0.8999999999999986
17019010604,Champaign — Senior-heavy residential area,Champaign,61822.0,Older age profile.,Senior-heavy residential area,cluster_0,12.0,5.4,9.3,11.7,poverty_rate,-0.3000000000000007,-6.6,3.9000000000000004,2.3999999999999986
17019001100,Champaign — Senior-heavy residential area,Champaign,61821.0,Older age profile.,Senior-heavy residential area,cluster_0,5.3,4.7,4.8,5.6,poverty_rate,0.2999999999999998,-0.5999999999999996,0.09999999999999964,0.7999999999999998
17019006000,Urbana — Student-dense area,Urbana,61802.0,Higher student concentration; renter-heavy housing profile; higher poverty rate; more very-low-income households.,Student-dense area,cluster_1,41.8,34.6,31.0,30.2,poverty_rate,-11.599999999999998,-7.199999999999996,-3.6000000000000014,-0.8000000000000007
17019001203,Champaign — Senior-heavy residential area,Champaign,61821.0,Older age profile.,Senior-heavy residential area,cluster_0,3.3,3.2,1.9,3.3,poverty_rate,0.0,-0.09999999999999964,-1.3000000000000003,1.4
17019000401,Champaign — Student-dense area,Champaign,61820.0,Higher student concentration; renter-heavy housing profile; higher poverty rate; more very-low-income households.,Student-dense area,cluster_1,89.7,90.5,90.9,90.7,poverty_rate,1.0,0.7999999999999972,0.4000000000000057,-0.20000000000000284
17019010500,Fisher — Family-oriented residential area,Fisher,61843.0,More households with children; older age profile.,Family-oriented residential area,cluster_0,4.1,3.7,3.1,2.2,poverty_rate,-1.8999999999999995,-0.39999999999999947,-0.6000000000000001,-0.8999999999999999
17019010601,Mahomet — Family-oriented residential area,Mahomet,61853.0,More households with children.,Family-oriented residential area,cluster_0,1.6,1.2,2.2,2.1,poverty_rate,0.5,-0.40000000000000013,1.0000000000000002,-0.10000000000000009
17019001206,Champaign — Senior-heavy residential area,Champaign,61822.0,Older age profile.,Senior-heavy residential area,cluster_0,2.2,5.1,4.7,3.9,poverty_rate,1.6999999999999997,2.8999999999999995,-0.39999999999999947,-0.8000000000000003
17019001204,Champaign — Family-oriented residential area,Champaign,61822.0,More households with children; older age profile.,Family-oriented residential area,cluster_0,1.1,1.7,4.0,4.0,poverty_rate,2.9,0.5999999999999999,2.3,0.0
17019001201,Champaign — Mixed residential area,Champaign,61821.0,General tract context note not flagged by the current rule set.,Mixed residential area,cluster_0,44503.0,49476.0,52813.0,53118.0,median_household_income,8615.0,4973.0,3337.0,305.0
17019005401,Urbana — Mixed residential area,Urbana,61802.0,Renter-heavy housing profile; more very-low-income households.,Mixed residential area,cluster_0,34245.0,35521.0,35721.0,43047.0,median_household_income,8802.0,1276.0,200.0,7326.0
17019010100,Rantoul — Mixed residential area,Rantoul,61866.0,General tract context note not flagged by the current rule set.,Mixed residential area,cluster_0,41276.0,44938.0,48248.0,51291.0,median_household_income,10015.0,3662.0,3310.0,3043.0
17019005300,Urbana — Student-dense area,Urbana,61801.0,Higher student concentration; renter-heavy housing profile; higher poverty rate; more very-low-income households.,Student-dense area,cluster_1,21563.0,21726.0,25759.0,27094.0,median_household_income,5531.0,163.0,4033.0,1335.0
17019000301,Champaign — Student-dense area,Champaign,61820.0,Higher student concentration; renter-heavy housing profile; higher poverty rate; more very-low-income households.,Student-dense area,cluster_1,7099.0,5512.0,5413.0,5982.0,median_household_income,-1117.0,-1587.0,-99.0,569.0
17019000901,Champaign — Family-oriented residential area,Champaign,61821.0,More very-low-income households; more households with children.,Family-oriented residential area,cluster_0,36602.0,39673.0,42380.0,44727.0,median_household_income,8125.0,3071.0,2707.0,2347.0
17019005701,Urbana — Senior-heavy residential area,Urbana,61801.0,Older age profile.,Senior-heavy residential area,cluster_0,50253.0,44333.0,50272.0,56719.0,median_household_income,6466.0,-5920.0,5939.0,6447.0
17019000500,Champaign — Mixed residential area,Champaign,61820.0,More households with children.,Mixed residential area,cluster_0,44516.0,59701.0,60794.0,59408.0,median_household_income,14892.0,15185.0,1093.0,-1386.0
17019010204,Rantoul — Mixed residential area,Rantoul,61866.0,General tract context note not flagged by the current rule set.,Mixed residential area,cluster_0,47042.0,47421.0,49167.0,54773.0,median_household_income,7731.0,379.0,1746.0,5606.0
17019000902,Champaign — Family-oriented residential area,Champaign,61822.0,More households with children.,Family-oriented residential area,cluster_0,60412.0,62228.0,69533.0,72974.0,median_household_income,12562.0,1816.0,7305.0,3441.0
17019000800,Champaign — Mixed residential area,Champaign,61822.0,Renter-heavy housing profile.,Mixed residential area,cluster_0,54864.0,60946.0,64760.0,68000.0,median_household_income,13136.0,6082.0,3814.0,3240.0
17019000700,Champaign — Mixed residential area,Champaign,61820.0,General tract context note not flagged by the current rule set.,Mixed residential area,cluster_0,40074.0,39173.0,46185.0,48048.0,median_household_income,7974.0,-901.0,7012.0,1863.0
17019005500,Urbana — Senior-heavy residential area,Urbana,61802.0,Older age profile.,Senior-heavy residential area,cluster_0,50370.0,59219.0,58266.0,60115.0,median_household_income,9745.0,8849.0,-953.0,1849.0
17019000302,Champaign — Student-dense area,Champaign,61820.0,Higher student concentration; renter-heavy housing profile; higher poverty rate; more very-low-income households.,Student-dense area,cluster_1,10385.0,9771.0,11922.0,14066.0,median_household_income,3681.0,-614.0,2151.0,2144.0
17019005402,Urbana — Senior-heavy residential area,Urbana,61802.0,Older age profile.,Senior-heavy residential area,cluster_0,45361.0,59452.0,63738.0,66334.0,median_household_income,20973.0,14091.0,4286.0,2596.0
17019000402,Champaign — Student-dense area,Champaign,61820.0,Higher student concentration; renter-heavy housing profile; higher poverty rate; more very-low-income households.,Student-dense area,cluster_1,5234.0,3416.0,8333.0,9000.0,median_household_income,3766.0,-1818.0,4917.0,667.0
17019010300,Rantoul — Family-oriented residential area,Rantoul,61866.0,Renter-heavy housing profile; higher poverty rate; more households with children.,Family-oriented residential area,cluster_0,37778.0,36409.0,38498.0,40297.0,median_household_income,2519.0,-1369.0,2089.0,1799.0
17019011100,Urbana — Student-dense area,Urbana,61801.0,Higher student concentration; renter-heavy housing profile; higher poverty rate; more very-low-income households.,Student-dense area,cluster_1,22741.0,25663.0,27747.0,27500.0,median_household_income,4759.0,2922.0,2084.0,-247.0
17019001000,Champaign — Mixed residential area,Champaign,61821.0,General tract context note not flagged by the current rule set.,Mixed residential area,cluster_0,55378.0,62457.0,62306.0,65469.0,median_household_income,10091.0,7079.0,-151.0,3163.0
17019000200,Champaign — Higher economic stress area,Champaign,61820.0,Higher poverty rate; more very-low-income households.,Higher economic stress area,cluster_0,21385.0,25531.0,32054.0,32545.0,median_household_income,11160.0,4146.0,6523.0,491.0
17019005702,Urbana — Senior-heavy residential area,Urbana,61802.0,Older age profile.,Senior-heavy residential area,cluster_0,58590.0,124125.0,120481.0,104500.0,median_household_income,45910.0,65535.0,-3644.0,-15981.0
17019001302,Savoy — Senior-heavy residential area,Savoy,61822.0,Older age profile.,Senior-heavy residential area,cluster_0,94902.0,100655.0,109939.0,104048.0,median_household_income,9146.0,5753.0,9284.0,-5891.0
17019001400,Champaign — Family-oriented residential area,Champaign,61874.0,Higher student concentration; more households with children.,Family-oriented residential area,cluster_0,57250.0,59698.0,67656.0,65469.0,median_household_income,8219.0,2448.0,7958.0,-2187.0
17019010400,Rantoul — Senior-heavy residential area,Rantoul,61866.0,Older age profile.,Senior-heavy residential area,cluster_0,70182.0,75993.0,78611.0,79958.0,median_household_income,9776.0,5811.0,2618.0,1347.0
17019010603,Mahomet — Family-oriented residential area,Mahomet,61853.0,More households with children.,Family-oriented residential area,cluster_0,91607.0,105124.0,109388.0,91615.0,median_household_income,8.0,13517.0,4264.0,-17773.0
17019005800,Urbana — Higher economic stress area,Urbana,61801.0,Higher poverty rate; more very-low-income households.,Higher economic stress area,cluster_0,49855.0,63750.0,60750.0,73365.0,median_household_income,23510.0,13895.0,-3000.0,12615.0
17019001301,Champaign — Senior-heavy residential area,Champaign,61821.0,Older age profile.,Senior-heavy residential area,cluster_0,74070.0,69591.0,75140.0,78438.0,median_household_income,4368.0,-4479.0,5549.0,3298.0
17019010800,Sidney — Senior-heavy residential area,Sidney,61877.0,More households with children; older age profile.,Senior-heavy residential area,cluster_0,72740.0,92929.0,93533.0,95927.0,median_household_income,23187.0,20189.0,604.0,2394.0
17019001205,Champaign — Family-oriented residential area,Champaign,61822.0,More households with children.,Family-oriented residential area,cluster_0,99671.0,85141.0,92903.0,87368.0,median_household_income,-12303.0,-14530.0,7762.0,-5535.0
17019010604,Champaign — Senior-heavy residential area,Champaign,61822.0,Older age profile.,Senior-heavy residential area,cluster_0,60824.0,100871.0,110296.0,116765.0,median_household_income,55941.0,40047.0,9425.0,6469.0
17019001100,Champaign — Senior-heavy residential area,Champaign,61821.0,Older age profile.,Senior-heavy residential area,cluster_0,73300.0,81941.0,93456.0,87697.0,median_household_income,14397.0,8641.0,11515.0,-5759.0
17019006000,Urbana — Student-dense area,Urbana,61802.0,Higher student concentration; renter-heavy housing profile; higher poverty rate; more very-low-income households.,Student-dense area,cluster_1,21354.0,24104.0,27055.0,30929.0,median_household_income,9575.0,2750.0,2951.0,3874.0
17019001203,Champaign — Senior-heavy residential area,Champaign,61821.0,Older age profile.,Senior-heavy residential area,cluster_0,76944.0,79570.0,86364.0,92882.0,median_household_income,15938.0,2626.0,6794.0,6518.0
17019000401,Champaign — Student-dense area,Champaign,61820.0,Higher student concentration; renter-heavy housing profile; higher poverty rate; more very-low-income households.,Student-dense area,cluster_1,3864.0,4476.0,3388.0,,median_household_income,,612.0,-1088.0,
17019010500,Fisher — Family-oriented residential area,Fisher,61843.0,More households with children; older age profile.,Family-oriented residential area,cluster_0,83728.0,98407.0,106830.0,107208.0,median_household_income,23480.0,14679.0,8423.0,378.0
17019010601,Mahomet — Family-oriented residential area,Mahomet,61853.0,More households with children.,Family-oriented residential area,cluster_0,94828.0,104141.0,114125.0,123876.0,median_household_income,29048.0,9313.0,9984.0,9751.0
17019001206,Champaign — Senior-heavy residential area,Champaign,61822.0,Older age profile.,Senior-heavy residential area,cluster_0,108385.0,103125.0,104545.0,109132.0,median_household_income,747.0,-5260.0,1420.0,4587.0
17019001204,Champaign — Family-oriented residential area,Champaign,61822.0,More households with children; older age profile.,Family-oriented residential area,cluster_0,120785.0,126013.0,135490.0,126495.0,median_household_income,5710.0,5228.0,9477.0,-8995.0
