tract_geoid,display_area_label_geo,primary_place_geo,primary_zip_geo,landmark_context_note_geo,area_type,centroid_lat_geo,centroid_lon_geo,tract_number_geo,tract_name_canonical_geo,tract_name_latest_geo,is_stable_all_4_years_geo,year,display_area_label,primary_place,primary_zip,landmark_context_note,tract_number,tract_name_canonical,tract_name_latest,centroid_lat,centroid_lon,is_stable_all_4_years,cluster_id,cluster_label,median_household_income,poverty_rate,unemployment_rate,pct_rent_burden_30_plus,pct_rent_burden_50_plus,pct_hh_income_under_25k,pct_hh_income_25k_50k,pct_hh_income_100k_plus,pct_bachelors_or_higher,pct_renter_occupied,pct_age_18_24,pct_age_65_plus,pct_family_households,occupied_units,housing_units_total,alice_households,county_total_households,source_variant,raw_hardship_score,score_shifted_positive,student_proxy_scaled,student_adjustment_multiplier,adjusted_hardship_component,tract_capacity,capacity_adjusted_weight_component,tract_allocation_weight,estimated_alice_households,estimated_alice_share_of_county_pct,estimated_alice_rate_proxy_pct
17019001201,Champaign — Mixed residential area,Champaign,61821,General tract context note not flagged by the current rule set.,Mixed residential area,40.10569426459247,-88.2906752821151,12.01,Census Tract 12.01,Census Tract 12.01; Champaign County; Illinois,1.0,2022,Champaign — Mixed residential area,Champaign,61821.0,General tract context note not flagged by the current rule set.,12.01,Census Tract 12.01,Census Tract 12.01; Champaign County; Illinois,40.10569426459247,-88.2906752821151,1,0,cluster_0,52813.0,18.8,7.0,47.84,26.11,24.2,22.2,16.7,35.4,51.63,12.2,12.6,63.45,3004.0,3303.0,34808.178,85820.528264,nonstudent_calibrated,2.300275194222388,11.223315564930449,0.1102941176470588,0.9613970588235294,10.79006257437247,3004.0,32413.3479734149,0.0520990370318804,1813.4725546342852,5.209903703188043,60.36859369621455
17019005300,Urbana — Student-dense area,Urbana,61801,Higher student concentration; renter-heavy housing profile; higher poverty rate; more very-low-income households.,Student-dense area,40.128704290589724,-88.21959909210925,53,Census Tract 53,Census Tract 53; Champaign County; Illinois,1.0,2022,Urbana — Student-dense area,Urbana,61801.0,Higher student concentration; renter-heavy housing profile; higher poverty rate; more very-low-income households.,53.0,Census Tract 53,Census Tract 53; Champaign County; Illinois,40.12870429058973,-88.21959909210925,1,1,cluster_1,25759.0,44.3,7.5,44.19,29.73,47.3,32.3,2.2,39.7,86.72,48.7,5.0,23.36,2312.0,3028.0,34808.178,85820.528264,nonstudent_calibrated,7.314684848508193,16.237725219216255,0.4936974789915966,0.8272058823529412,13.431941817366388,2312.0,31054.64948175109,0.0499151563944833,1737.455648677016,4.991515639448339,75.14946577322735
17019000301,Champaign — Student-dense area,Champaign,61820,Higher student concentration; renter-heavy housing profile; higher poverty rate; more very-low-income households.,Student-dense area,40.11083056062445,-88.23549759213894,3.01,Census Tract 3.01,Census Tract 3.01; Champaign County; Illinois,1.0,2022,Champaign — Student-dense area,Champaign,61820.0,Higher student concentration; renter-heavy housing profile; higher poverty rate; more very-low-income households.,3.01,Census Tract 3.01,Census Tract 3.01; Champaign County; Illinois,40.11083056062445,-88.23549759213894,1,1,cluster_1,5413.0,84.2,10.7,59.99,52.12,79.8,14.3,1.2,70.8,100.0,88.8,0.6,3.31,2172.0,3086.0,34808.178,85820.528264,nonstudent_calibrated,11.80625304856898,20.72929341927704,0.9149159663865544,0.679779411764706,14.091346886854136,2172.0,30606.405438247184,0.04919467904543,1712.377144866199,4.919467904543004,78.83872674337933
17019005701,Urbana — Senior-heavy residential area,Urbana,61801,Older age profile.,Senior-heavy residential area,40.09105574261328,-88.20007432256959,57.01,Census Tract 57.01,Census Tract 57.01; Champaign County; Illinois,1.0,2022,Urbana — Senior-heavy residential area,Urbana,61801.0,Older age profile.,57.01,Census Tract 57.01,Census Tract 57.01; Champaign County; Illinois,40.09105574261328,-88.20007432256959,1,0,cluster_0,50272.0,19.3,10.9,58.8,39.31,28.2,21.4,29.2,52.3,50.68,11.0,26.6,52.68,2409.0,2681.0,34808.178,85820.528264,nonstudent_calibrated,3.540478067196,12.463518437904058,0.0976890756302521,0.9658088235294118,12.03737607954925,2409.0,28998.038975634143,0.0466094988917094,1622.391733913426,4.660949889170947,67.34710393995125
17019005401,Urbana — Mixed residential area,Urbana,61802,Renter-heavy housing profile; more very-low-income households.,Mixed residential area,40.12462916764154,-88.19476931100071,54.01,Census Tract 54.01,Census Tract 54.01; Champaign County; Illinois,1.0,2022,Urbana — Mixed residential area,Urbana,61802.0,Renter-heavy housing profile; more very-low-income households.,54.01,Census Tract 54.01,Census Tract 54.01; Champaign County; Illinois,40.12462916764154,-88.19476931100071,1,0,cluster_0,35721.0,20.5,9.2,55.44,16.03,41.3,28.8,7.3,36.6,69.36,23.9,9.9,32.31,2213.0,2522.0,34808.178,85820.528264,nonstudent_calibrated,4.955624656770725,13.878665027478784,0.2331932773109243,0.9183823529411764,12.745921043618385,2213.0,28206.723269527483,0.0453375912100292,1578.1189449299343,4.533759121002928,71.31129439358041
17019000901,Champaign — Family-oriented residential area,Champaign,61821,More very-low-income households; more households with children.,Family-oriented residential area,40.12977778291398,-88.26829601472002,9.01,Census Tract 9.01,Census Tract 9.01; Champaign County; Illinois,1.0,2022,Champaign — Family-oriented residential area,Champaign,61821.0,More very-low-income households; more households with children.,9.01,Census Tract 9.01,Census Tract 9.01; Champaign County; Illinois,40.12977778291398,-88.26829601472002,1,0,cluster_0,42380.0,19.0,8.5,52.15,20.91,24.8,30.5,7.5,14.9,56.94,18.0,8.1,57.15,1923.0,2229.0,34808.178,85820.528264,nonstudent_calibrated,5.333277565158184,14.256317935866242,0.1712184873949579,0.9400735294117648,13.401987118386025,1923.0,25772.02122865632,0.0414242147858172,1441.9014417749595,4.142421478581728,74.9818742472678
17019005601,Urbana — Mixed residential area,Urbana,61802,General tract context note not flagged by the current rule set.,Mixed residential area,40.10208937360753,-88.18375039736316,56.01,Census Tract 56.01,Census Tract 56.01; Champaign County; Illinois,0.0,2022,Urbana — Mixed residential area,Urbana,61802.0,General tract context note not flagged by the current rule set.,56.01,Census Tract 56.01,Census Tract 56.01; Champaign County; Illinois,40.10208937360753,-88.18375039736316,0,0,cluster_0,54748.0,11.6,8.3,43.64,26.43,20.4,23.1,20.6,48.7,49.28,13.2,12.5,46.99,2488.0,2691.0,34808.178,85820.528264,nonstudent_calibrated,1.0915390912050635,10.014579461913122,0.1207983193277311,0.9577205882352942,9.591168933192533,2488.0,23862.828305783016,0.0383555063984158,1335.0852939961967,3.835550639841582,53.66098448537768
17019010100,Rantoul — Mixed residential area,Rantoul,61866,General tract context note not flagged by the current rule set.,Mixed residential area,40.32658663906694,-88.14527489964055,101,Census Tract 101,Census Tract 101; Champaign County; Illinois,1.0,2022,Rantoul — Mixed residential area,Rantoul,61866.0,General tract context note not flagged by the current rule set.,101.0,Census Tract 101,Census Tract 101; Champaign County; Illinois,40.32658663906694,-88.14527489964055,1,0,cluster_0,48248.0,7.4,1.1,37.8,17.26,21.6,33.6,8.7,14.0,47.5,5.8,26.9,53.25,2122.0,2390.0,34808.178,85820.528264,nonstudent_calibrated,1.3697386813437975,10.292779052051856,0.0430672268907562,0.9849264705882352,10.137630544281956,2122.0,21512.05201496631,0.034577026584193,1203.5632960533244,3.457702658419308,56.718345714105766
17019000302,Champaign — Student-dense area,Champaign,61820,Higher student concentration; renter-heavy housing profile; higher poverty rate; more very-low-income households.,Student-dense area,40.11446918924631,-88.2350976348271,3.02,Census Tract 3.02,Census Tract 3.02; Champaign County; Illinois,1.0,2022,Champaign — Student-dense area,Champaign,61820.0,Higher student concentration; renter-heavy housing profile; higher poverty rate; more very-low-income households.,3.02,Census Tract 3.02,Census Tract 3.02; Champaign County; Illinois,40.11446918924631,-88.2350976348271,1,1,cluster_1,11922.0,63.2,1.6,60.58,48.14,64.8,20.6,1.6,75.0,100.0,72.2,0.7,1.65,1697.0,2490.0,34808.178,85820.528264,nonstudent_calibrated,7.738175873450181,16.661216244158243,0.7405462184873949,0.7408088235294118,12.342776004403994,1697.0,20945.69087947358,0.0336666957601247,1171.876338690266,3.36666957601247,69.0557653912944
17019005500,Urbana — Senior-heavy residential area,Urbana,61802,Older age profile.,Senior-heavy residential area,40.112514816139694,-88.16225777747607,55,Census Tract 55,Census Tract 55; Champaign County; Illinois,1.0,2022,Urbana — Senior-heavy residential area,Urbana,61802.0,Older age profile.,55.0,Census Tract 55,Census Tract 55; Champaign County; Illinois,40.112514816139694,-88.16225777747607,1,0,cluster_0,58266.0,21.7,3.1,41.37,27.98,24.1,22.7,21.8,44.1,49.16,11.0,19.0,49.16,2203.0,2758.0,34808.178,85820.528264,nonstudent_calibrated,0.6533306364252072,9.576371007133266,0.0976890756302521,0.9658088235294118,9.248943616080547,2203.0,20375.42278622545,0.0327500851547468,1139.9707935815866,3.275008515474686,51.746291129441055
17019010204,Rantoul — Mixed residential area,Rantoul,61866,General tract context note not flagged by the current rule set.,Mixed residential area,40.302778756080926,-88.15757778235168,102.04,Census Tract 102.04,Census Tract 102.04; Champaign County; Illinois,1.0,2022,Rantoul — Mixed residential area,Rantoul,61866.0,General tract context note not flagged by the current rule set.,102.04,Census Tract 102.04,Census Tract 102.04; Champaign County; Illinois,40.302778756080926,-88.15757778235168,1,0,cluster_0,49167.0,24.8,5.4,38.53,15.96,26.2,25.9,18.5,11.9,28.27,10.5,16.3,53.79,1928.0,2275.0,34808.178,85820.528264,nonstudent_calibrated,1.809494042044523,10.732534412752582,0.0924369747899159,0.9676470588235294,10.385305358222352,1928.0,20022.86873065269,0.0321834134609715,1120.245984397093,3.2183413460971524,58.10404483387413
17019010300,Rantoul — Family-oriented residential area,Rantoul,61866,Renter-heavy housing profile; higher poverty rate; more households with children.,Family-oriented residential area,40.29292648139781,-88.14451450086497,103,Census Tract 103,Census Tract 103; Champaign County; Illinois,1.0,2022,Rantoul — Family-oriented residential area,Rantoul,61866.0,Renter-heavy housing profile; higher poverty rate; more households with children.,103.0,Census Tract 103,Census Tract 103; Champaign County; Illinois,40.29292648139781,-88.14451450086497,1,0,cluster_0,38498.0,29.6,11.0,60.1,19.06,21.5,48.4,11.9,9.9,78.47,10.1,5.1,65.16,1217.0,1448.0,34808.178,85820.528264,nonstudent_calibrated,7.606734941016762,16.529775311724823,0.088235294117647,0.9691176470588236,16.01929695650979,1217.0,19495.484396072417,0.0313357313270596,1090.7397137924695,3.133573132705968,89.62528461729414
17019000700,Champaign — Mixed residential area,Champaign,61820,General tract context note not flagged by the current rule set.,Mixed residential area,40.129119646700836,-88.2463742564862,7,Census Tract 7,Census Tract 7; Champaign County; Illinois,1.0,2022,Champaign — Mixed residential area,Champaign,61820.0,General tract context note not flagged by the current rule set.,7.0,Census Tract 7,Census Tract 7; Champaign County; Illinois,40.12911964670084,-88.2463742564862,1,0,cluster_0,46185.0,28.7,12.0,23.91,11.22,23.3,35.6,5.2,11.9,48.55,14.4,10.1,52.65,1413.0,1548.0,34808.178,85820.528264,nonstudent_calibrated,5.4878096359086905,14.41085000661675,0.1334033613445378,0.9533088235294118,13.73799046586663,1413.0,19411.780528269548,0.0312011913556889,1086.0566225208818,3.1201191355688938,76.86175672476162
17019000800,Champaign — Mixed residential area,Champaign,61822,Renter-heavy housing profile.,Mixed residential area,40.15017672250663,-88.24710786804413,8,Census Tract 8,Census Tract 8; Champaign County; Illinois,1.0,2022,Champaign — Mixed residential area,Champaign,61822.0,Renter-heavy housing profile.,8.0,Census Tract 8,Census Tract 8; Champaign County; Illinois,40.15017672250663,-88.24710786804413,1,0,cluster_0,64760.0,11.8,4.6,30.66,16.13,11.8,17.4,24.4,55.1,72.35,19.9,8.6,45.42,3016.0,3103.0,34808.178,85820.528264,nonstudent_calibrated,-2.155903099725839,6.76713727098222,0.1911764705882352,0.9330882352941176,6.31433617417385,3016.0,19044.037901308333,0.0306101065730874,1065.482038194997,3.0610106573087417,35.32765378630626
17019001000,Champaign — Mixed residential area,Champaign,61821,General tract context note not flagged by the current rule set.,Mixed residential area,40.11702324024364,-88.27235942332679,10,Census Tract 10,Census Tract 10; Champaign County; Illinois,1.0,2022,Champaign — Mixed residential area,Champaign,61821.0,General tract context note not flagged by the current rule set.,10.0,Census Tract 10,Census Tract 10; Champaign County; Illinois,40.11702324024364,-88.27235942332679,1,0,cluster_0,62306.0,19.7,4.0,49.73,14.29,15.0,29.2,33.2,46.6,44.88,14.9,11.8,48.21,2043.0,2479.0,34808.178,85820.528264,nonstudent_calibrated,-0.5816557513953404,8.341384619312718,0.1386554621848739,0.951470588235294,7.936582130434306,2043.0,16214.437292477289,0.0260619967318629,907.1706212781054,2.6061996731862997,44.4038483249195
17019001301,Champaign — Senior-heavy residential area,Champaign,61821,Older age profile.,Senior-heavy residential area,40.09098096791916,-88.26081426219282,13.01,Census Tract 13.01,Census Tract 13.01; Champaign County; Illinois,1.0,2022,Champaign — Senior-heavy residential area,Champaign,61821.0,Older age profile.,13.01,Census Tract 13.01,Census Tract 13.01; Champaign County; Illinois,40.09098096791916,-88.26081426219282,1,0,cluster_0,75140.0,7.0,6.8,54.14,7.32,6.9,23.1,36.6,61.6,36.05,7.9,22.8,62.13,2577.0,2843.0,34808.178,85820.528264,nonstudent_calibrated,-2.521237613223259,6.401802757484799,0.065126050420168,0.9772058823529411,6.255879312277425,2577.0,16121.400987738924,0.025912456428595,901.9653957837814,2.5912456428595068,35.0005974304921
17019001205,Champaign — Family-oriented residential area,Champaign,61822,More households with children.,Family-oriented residential area,40.08366982891983,-88.3282572598364,12.05,Census Tract 12.05,Census Tract 12.05; Champaign County; Illinois,1.0,2022,Champaign — Family-oriented residential area,Champaign,61822.0,More households with children.,12.05,Census Tract 12.05,Census Tract 12.05; Champaign County; Illinois,40.08366982891983,-88.3282572598364,1,0,cluster_0,92903.0,11.2,1.6,43.47,29.97,18.2,9.0,48.1,66.0,35.65,11.5,13.3,66.61,3220.0,3490.0,34808.178,85820.528264,nonstudent_calibrated,-4.151682311190409,4.77135805951765,0.1029411764705882,0.963970588235294,4.5994488353144405,3220.0,14810.2252497125,0.0238049606713912,828.6073083327872,2.380496067139128,25.73314622151513
17019000500,Champaign — Mixed residential area,Champaign,61820,More households with children.,Mixed residential area,40.1052051044491,-88.25087992661743,5,Census Tract 5,Census Tract 5; Champaign County; Illinois,1.0,2022,Champaign — Mixed residential area,Champaign,61820.0,More households with children.,5.0,Census Tract 5,Census Tract 5; Champaign County; Illinois,40.1052051044491,-88.25087992661743,1,0,cluster_0,60794.0,19.1,3.3,46.28,31.81,28.5,14.8,29.9,66.2,62.32,12.5,13.3,42.98,1831.0,1911.0,34808.178,85820.528264,nonstudent_calibrated,-0.5729685317637527,8.350071838944306,0.1134453781512605,0.9602941176470589,8.018524868868576,1831.0,14681.919034898365,0.0235987298851576,821.4287904164864,2.359872988515763,44.86230422809866
17019010901,Philo — Family-oriented residential area,Philo,61880,More households with children.,Family-oriented residential area,39.99153675767488,-88.20393412122252,109.01,Census Tract 109.01,Census Tract 109.01; Champaign County; Illinois,0.0,2022,Philo — Family-oriented residential area,Philo,61880.0,More households with children.,109.01,Census Tract 109.01,Census Tract 109.01; Champaign County; Illinois,39.99153675767488,-88.20393412122252,0,0,cluster_0,99674.0,5.4,1.1,62.87,31.43,12.8,19.0,49.9,33.0,24.89,12.7,12.0,70.81,2326.0,2507.0,34808.178,85820.528264,nonstudent_calibrated,-2.4274490836141367,6.495591287093921,0.1155462184873949,0.9595588235294118,6.232901933571741,2326.0,14497.729897487869,0.0233026766450329,811.1237165367486,2.330267664503292,34.872042843368384
17019000200,Champaign — Higher economic stress area,Champaign,61820,Higher poverty rate; more very-low-income households.,Higher economic stress area,40.12297727012885,-88.23303820803416,2,Census Tract 2,Census Tract 2; Champaign County; Illinois,1.0,2022,Champaign — Higher economic stress area,Champaign,61820.0,Higher poverty rate; more very-low-income households.,2.0,Census Tract 2,Census Tract 2; Champaign County; Illinois,40.12297727012885,-88.23303820803416,1,0,cluster_0,32054.0,40.3,9.7,53.2,29.7,40.5,40.3,3.2,19.5,59.57,26.2,8.9,49.27,893.0,1118.0,34808.178,85820.528264,nonstudent_calibrated,8.72457262503398,17.64761299574204,0.2573529411764705,0.9099264705882352,16.058030207522627,893.0,14339.820975317703,0.0230488644565926,802.2889767029509,2.304886445659267,89.84199067222295
17019000902,Champaign — Family-oriented residential area,Champaign,61822,More households with children.,Family-oriented residential area,40.12831209870508,-88.3148535419392,9.02,Census Tract 9.02,Census Tract 9.02; Champaign County; Illinois,1.0,2022,Champaign — Family-oriented residential area,Champaign,61822.0,More households with children.,9.02,Census Tract 9.02,Census Tract 9.02; Champaign County; Illinois,40.12831209870508,-88.3148535419392,1,0,cluster_0,69533.0,9.2,5.1,21.99,11.16,8.8,12.8,33.0,37.0,31.24,10.9,12.5,57.72,2926.0,3062.0,34808.178,85820.528264,nonstudent_calibrated,-4.079206071996701,4.843834298711357,0.0966386554621848,0.9661764705882352,4.679998726843179,2926.0,13693.676274743142,0.0220102948922638,766.1382624424115,2.201029489226386,26.1838093794399
17019000402,Champaign — Student-dense area,Champaign,61820,Higher student concentration; renter-heavy housing profile; higher poverty rate; more very-low-income households.,Student-dense area,40.1066171021187,-88.23889734753926,4.02,Census Tract 4.02,Census Tract 4.02; Champaign County; Illinois,1.0,2022,Champaign — Student-dense area,Champaign,61820.0,Higher student concentration; renter-heavy housing profile; higher poverty rate; more very-low-income households.,4.02,Census Tract 4.02,Census Tract 4.02; Champaign County; Illinois,40.1066171021187,-88.23889734753926,1,1,cluster_1,8333.0,87.3,3.4,59.34,52.02,81.0,13.0,2.3,87.5,100.0,89.3,0.3,3.85,1038.0,1753.0,34808.178,85820.528264,nonstudent_calibrated,8.956410263564994,17.879450634273052,0.9201680672268908,0.6779411764705883,12.121215797646878,1038.0,12581.82199795746,0.0202231750554662,703.9318770558308,2.0223175055466296,67.81617312676597
17019011100,Urbana — Student-dense area,Urbana,61801,Higher student concentration; renter-heavy housing profile; higher poverty rate; more very-low-income households.,Student-dense area,40.11409763212329,-88.21447402494275,111,Census Tract 111,Census Tract 111; Champaign County; Illinois,1.0,2022,Urbana — Student-dense area,Urbana,61801.0,Higher student concentration; renter-heavy housing profile; higher poverty rate; more very-low-income households.,111.0,Census Tract 111,Census Tract 111; Champaign County; Illinois,40.11409763212329,-88.21447402494275,1,1,cluster_1,27747.0,52.9,2.3,64.68,42.51,47.3,28.8,4.4,71.9,97.73,60.3,0.4,7.02,1011.0,1369.0,34808.178,85820.528264,nonstudent_calibrated,6.80456875635941,15.727609127067469,0.6155462184873949,0.7845588235294119,12.339234513662491,1011.0,12474.96609331278,0.020051422056124,697.9534680826918,2.0051422056124046,69.03595134349078
17019005402,Urbana — Senior-heavy residential area,Urbana,61802,Older age profile.,Senior-heavy residential area,40.133721720260155,-88.15811803810122,54.02,Census Tract 54.02,Census Tract 54.02; Champaign County; Illinois,1.0,2022,Urbana — Senior-heavy residential area,Urbana,61802.0,Older age profile.,54.02,Census Tract 54.02,Census Tract 54.02; Champaign County; Illinois,40.13372172026016,-88.15811803810122,1,0,cluster_0,63738.0,20.7,8.6,18.07,2.26,13.3,19.2,20.6,24.4,28.13,6.6,19.1,49.62,1731.0,1815.0,34808.178,85820.528264,nonstudent_calibrated,-1.6651080343572615,7.257932336350796,0.0514705882352941,0.981985294117647,7.127182819997418,1731.0,12337.15346141553,0.0198299112939971,690.2430820456627,1.9829911293997136,39.87539468779103
17019005800,Urbana — Higher economic stress area,Urbana,61801,Higher poverty rate; more very-low-income households.,Higher economic stress area,40.10475237949838,-88.21211097927552,58,Census Tract 58,Census Tract 58; Champaign County; Illinois,1.0,2022,Urbana — Higher economic stress area,Urbana,61801.0,Higher poverty rate; more very-low-income households.,58.0,Census Tract 58,Census Tract 58; Champaign County; Illinois,40.10475237949838,-88.21211097927552,1,0,cluster_0,60750.0,36.2,4.0,50.25,38.43,33.6,7.4,32.9,84.7,49.78,38.3,9.8,37.34,1615.0,1769.0,34808.178,85820.528264,nonstudent_calibrated,-0.3306267444568307,8.592413626251227,0.3844537815126049,0.8654411764705883,7.436228557424775,1615.0,12009.509120241011,0.019303277800964,671.9119296794045,1.930327780096403,41.60445385011792
17019010902,Sadorus — Family-oriented residential area,Sadorus,61872,More households with children; older age profile.,Family-oriented residential area,39.96930619337803,-88.36360641758048,109.02,Census Tract 109.02,Census Tract 109.02; Champaign County; Illinois,0.0,2022,Sadorus — Family-oriented residential area,Sadorus,61872.0,More households with children; older age profile.,109.02,Census Tract 109.02,Census Tract 109.02; Champaign County; Illinois,39.96930619337803,-88.36360641758048,0,0,cluster_0,85000.0,4.5,12.8,54.43,9.17,5.1,21.1,43.0,34.0,22.49,10.6,18.1,73.31,1454.0,1621.0,34808.178,85820.528264,nonstudent_calibrated,-1.1324230371094064,7.790617333598652,0.0934873949579832,0.967279411764706,7.535703751727225,1454.0,10956.913255011385,0.0176114059521447,613.0209532125155,1.7611405952144794,42.161000908701205
17019005602,Urbana — Senior-heavy residential area,Urbana,61802,Renter-heavy housing profile; older age profile.,Senior-heavy residential area,40.08621676735095,-88.14961203417526,56.02,Census Tract 56.02,Census Tract 56.02; Champaign County; Illinois,0.0,2022,Urbana — Senior-heavy residential area,Urbana,61802.0,Renter-heavy housing profile; older age profile.,56.02,Census Tract 56.02,Census Tract 56.02; Champaign County; Illinois,40.08621676735095,-88.14961203417526,0,0,cluster_0,56250.0,16.5,2.7,41.15,19.54,23.0,23.6,35.6,58.4,67.44,18.6,25.7,39.92,1290.0,1341.0,34808.178,85820.528264,nonstudent_calibrated,-1.0251521726051425,7.897888198102915,0.1775210084033613,0.9378676470588236,7.407173821088433,1290.0,9555.254229204078,0.0153584734395423,534.6004772918609,1.5358473439542308,41.441897464485336
17019011001,Champaign — Mixed residential area,Champaign,61820,Renter-heavy housing profile.,Mixed residential area,40.119685208118305,-88.25134639444177,110.01,Census Tract 110.01,Census Tract 110.01; Champaign County; Illinois,0.0,2022,Champaign — Mixed residential area,Champaign,61820.0,Renter-heavy housing profile.,110.01,Census Tract 110.01,Census Tract 110.01; Champaign County; Illinois,40.11968520811831,-88.25134639444177,0,0,cluster_0,53750.0,9.4,3.5,28.15,20.83,17.3,30.8,32.4,55.3,79.42,11.2,4.3,17.35,1239.0,1317.0,34808.178,85820.528264,nonstudent_calibrated,-1.1349900048770878,7.788050365830971,0.0997899159663865,0.9650735294117648,7.516041253789081,1239.0,9312.375113444672,0.014968085872772,521.0117973787343,1.4968085872772037,42.05099252451447
17019010603,Mahomet — Family-oriented residential area,Mahomet,61853,More households with children.,Family-oriented residential area,40.1817205433639,-88.37801740861045,106.03,Census Tract 106.03,Census Tract 106.03; Champaign County; Illinois,1.0,2022,Mahomet — Family-oriented residential area,Mahomet,61853.0,More households with children.,106.03,Census Tract 106.03,Census Tract 106.03; Champaign County; Illinois,40.1817205433639,-88.37801740861045,1,0,cluster_0,109388.0,5.8,3.4,46.78,22.42,11.5,11.2,54.4,52.0,19.21,10.2,11.1,74.49,2670.0,3053.0,34808.178,85820.528264,nonstudent_calibrated,-5.3753113010835385,3.54772906962452,0.0892857142857142,0.96875,3.436862536198753,2670.0,9176.422971650672,0.0147495655373935,513.4055026482615,1.4749565537393583,19.228670511170844
17019010800,Sidney — Senior-heavy residential area,Sidney,61877,More households with children; older age profile.,Senior-heavy residential area,39.960777559813025,-88.06275539987071,108,Census Tract 108,Census Tract 108; Champaign County; Illinois,1.0,2022,Sidney — Senior-heavy residential area,Sidney,61877.0,More households with children; older age profile.,108.0,Census Tract 108,Census Tract 108; Champaign County; Illinois,39.96077755981303,-88.06275539987071,1,0,cluster_0,93533.0,8.7,3.2,42.03,28.5,11.2,14.3,45.2,26.8,13.06,8.6,17.5,70.85,1585.0,1725.0,34808.178,85820.528264,nonstudent_calibrated,-3.412408966108446,5.5106314045996125,0.0724789915966386,0.9746323529411764,5.3708396520564605,1585.0,8512.78084850949,0.0136828717920326,476.2758368882525,1.368287179203268,30.04894869957429
17019010400,Rantoul — Senior-heavy residential area,Rantoul,61866,Older age profile.,Senior-heavy residential area,40.31246101875809,-88.07684464115012,104,Census Tract 104,Census Tract 104; Champaign County; Illinois,1.0,2022,Rantoul — Senior-heavy residential area,Rantoul,61866.0,Older age profile.,104.0,Census Tract 104,Census Tract 104; Champaign County; Illinois,40.31246101875809,-88.07684464115012,1,0,cluster_0,78611.0,7.3,3.4,29.22,10.39,13.0,18.2,37.9,20.5,17.52,8.6,22.3,67.29,1758.0,1986.0,34808.178,85820.528264,nonstudent_calibrated,-3.977980991689934,4.945059379018124,0.0724789915966386,0.9746323529411764,4.819614858006267,1758.0,8472.882920375017,0.0136187425438884,474.0436146038411,1.3618742543888425,26.96493825960416
17019005902,Urbana — Student-dense area,Urbana,61801,Higher student concentration; renter-heavy housing profile; higher poverty rate; more very-low-income households.,Student-dense area,40.107516861666255,-88.22420061157668,59.02,Census Tract 59.02,Census Tract 59.02; Champaign County; Illinois,0.0,2022,Urbana — Student-dense area,Urbana,61801.0,Higher student concentration; renter-heavy housing profile; higher poverty rate; more very-low-income households.,59.02,Census Tract 59.02,Census Tract 59.02; Champaign County; Illinois,40.107516861666255,-88.22420061157668,0,1,cluster_1,14200.0,59.5,2.7,61.49,36.18,64.6,25.3,0.0,76.8,100.0,87.3,0.1,8.23,644.0,889.0,34808.178,85820.528264,nonstudent_calibrated,7.281858831956827,16.204899202664887,0.8991596638655461,0.6852941176470588,11.10512210064976,644.0,7151.698632818446,0.0114951597168443,400.1255655623471,1.149515971684433,62.13129900036445
17019010702,St. Joseph — Family-oriented residential area,St. Joseph,61873,More households with children.,Family-oriented residential area,40.14414968617523,-88.03566721335672,107.02,Census Tract 107.02,Census Tract 107.02; Champaign County; Illinois,0.0,2022,St. Joseph — Family-oriented residential area,St. Joseph,61873.0,More households with children.,107.02,Census Tract 107.02,Census Tract 107.02; Champaign County; Illinois,40.14414968617523,-88.03566721335672,0,0,cluster_0,103008.0,6.1,9.5,36.41,22.56,5.8,16.7,55.2,29.8,14.12,8.5,14.6,74.73,1381.0,1488.0,34808.178,85820.528264,nonstudent_calibrated,-3.682071916147191,5.240968454560868,0.0714285714285714,0.975,5.109944243196846,1381.0,7056.832999854844,0.0113426790743362,394.8179922163723,1.1342679074336277,28.589282564545428
17019000401,Champaign — Student-dense area,Champaign,61820,Higher student concentration; renter-heavy housing profile; higher poverty rate; more very-low-income households.,Student-dense area,40.1069887905841,-88.23234019148553,4.01,Census Tract 4.01,Census Tract 4.01; Champaign County; Illinois,1.0,2022,Champaign — Student-dense area,Champaign,61820.0,Higher student concentration; renter-heavy housing profile; higher poverty rate; more very-low-income households.,4.01,Census Tract 4.01,Census Tract 4.01; Champaign County; Illinois,40.1069887905841,-88.23234019148553,1,1,cluster_1,3388.0,90.9,4.5,64.12,56.1,80.5,17.1,0.0,82.4,100.0,96.9,0.1,2.0,549.0,786.0,34808.178,85820.528264,nonstudent_calibrated,10.617542254467777,19.540582625175837,1.0,0.65,12.701378706364292,549.0,6973.056909793996,0.0112080230177621,390.1308602303607,1.120802301776211,71.06208747365405
17019001400,Champaign — Family-oriented residential area,Champaign,61874,Higher student concentration; more households with children.,Family-oriented residential area,40.08102789550842,-88.24061186527473,14,Census Tract 14,Census Tract 14; Champaign County; Illinois,1.0,2022,Champaign — Family-oriented residential area,Champaign,61874.0,Higher student concentration; more households with children.,14.0,Census Tract 14,Census Tract 14; Champaign County; Illinois,40.08102789550842,-88.24061186527473,1,0,cluster_0,67656.0,15.4,1.6,38.51,13.25,10.9,17.3,42.6,66.9,55.71,42.0,4.9,61.96,1585.0,1704.0,34808.178,85820.528264,nonstudent_calibrated,-3.924208095714056,4.998832274994003,0.4233193277310924,0.8518382352941176,4.258196463662171,1585.0,6749.24139490454,0.0108482770017658,377.6087568707735,1.0848277001765891,23.82389633254091
17019001302,Savoy — Senior-heavy residential area,Savoy,61822,Older age profile.,Senior-heavy residential area,40.06954853052552,-88.26238753060579,13.02,Census Tract 13.02,Census Tract 13.02; Champaign County; Illinois,1.0,2022,Savoy — Senior-heavy residential area,Savoy,61822.0,Older age profile.,13.02,Census Tract 13.02,Census Tract 13.02; Champaign County; Illinois,40.06954853052552,-88.26238753060579,1,0,cluster_0,109939.0,5.2,0.0,59.5,26.86,6.4,8.7,53.8,62.5,23.77,4.8,40.7,46.41,2036.0,2131.0,34808.178,85820.528264,nonstudent_calibrated,-5.6257857100045054,3.297254660703553,0.032563025210084,0.9886029411764706,3.259675655379358,2036.0,6636.699634352373,0.0106673849397842,371.3122337785284,1.066738493978422,18.237339576548543
17019006000,Urbana — Student-dense area,Urbana,61802,Higher student concentration; renter-heavy housing profile; higher poverty rate; more very-low-income households.,Student-dense area,40.07547752312056,-88.2230059485385,60,Census Tract 60,Census Tract 60; Champaign County; Illinois,1.0,2022,Urbana — Student-dense area,Urbana,61802.0,Higher student concentration; renter-heavy housing profile; higher poverty rate; more very-low-income households.,60.0,Census Tract 60,Census Tract 60; Champaign County; Illinois,40.07547752312056,-88.2230059485385,1,1,cluster_1,27055.0,31.0,5.7,43.82,24.88,40.3,31.8,6.6,90.9,97.9,67.5,1.4,29.84,620.0,784.0,34808.178,85820.528264,nonstudent_calibrated,3.4220050300202107,12.345045400728267,0.6911764705882353,0.7580882352941176,9.358633682463855,620.0,5802.352883127592,0.009326312048297,324.63192986066656,0.9326312048297,52.359988687204286
17019001100,Champaign — Senior-heavy residential area,Champaign,61821,Older age profile.,Senior-heavy residential area,40.10547701256571,-88.26718054450109,11,Census Tract 11,Census Tract 11; Champaign County; Illinois,1.0,2022,Champaign — Senior-heavy residential area,Champaign,61821.0,Older age profile.,11.0,Census Tract 11,Census Tract 11; Champaign County; Illinois,40.10547701256571,-88.26718054450109,1,0,cluster_0,93456.0,4.8,1.3,44.39,24.71,10.4,12.6,44.7,67.3,27.16,11.7,22.1,65.01,1609.0,1665.0,34808.178,85820.528264,nonstudent_calibrated,-5.351741272669982,3.571299098038076,0.1050420168067226,0.9632352941176472,3.440001337080794,1609.0,5534.962151362997,0.0088965261573852,309.6718660679234,0.8896526157385296,19.246231576626688
17019005901,Urbana — Student-dense area,Urbana,61801,Higher student concentration; renter-heavy housing profile; higher poverty rate; more very-low-income households.,Student-dense area,40.10368062196141,-88.22003620975573,59.01,Census Tract 59.01,Census Tract 59.01; Champaign County; Illinois,0.0,2022,Urbana — Student-dense area,Urbana,61801.0,Higher student concentration; renter-heavy housing profile; higher poverty rate; more very-low-income households.,59.01,Census Tract 59.01,Census Tract 59.01; Champaign County; Illinois,40.10368062196141,-88.22003620975573,0,1,cluster_1,6964.0,78.2,4.8,60.88,58.81,83.7,4.2,4.7,71.3,95.31,92.3,0.2,15.8,405.0,495.0,34808.178,85820.528264,nonstudent_calibrated,11.155051489886208,20.078091860594267,0.9516806722689076,0.6669117647058824,13.390315674675737,405.0,5423.0778482436735,0.0087166908482934,303.41212661837034,0.8716690848293476,74.91657447367169
17019001204,Champaign — Family-oriented residential area,Champaign,61822,More households with children; older age profile.,Family-oriented residential area,40.06935621376529,-88.28995631669251,12.04,Census Tract 12.04,Census Tract 12.04; Champaign County; Illinois,1.0,2022,Champaign — Family-oriented residential area,Champaign,61822.0,More households with children; older age profile.,12.04,Census Tract 12.04,Census Tract 12.04; Champaign County; Illinois,40.06935621376529,-88.28995631669251,1,0,cluster_0,135490.0,4.0,6.6,53.44,30.16,9.2,5.6,69.2,73.8,21.17,5.4,23.0,73.21,1441.0,1462.0,34808.178,85820.528264,nonstudent_calibrated,-6.031961238018413,2.891079132689645,0.0388655462184873,0.9863970588235296,2.8517519533111466,1441.0,4109.374564721362,0.0066051324843358,229.91262722834597,0.6605132484335893,15.955074755610404
17019011002,Champaign — Higher-income residential area,Champaign,61820,General tract context note not flagged by the current rule set.,Higher-income residential area,40.115493372447595,-88.24635254080745,110.02,Census Tract 110.02,Census Tract 110.02; Champaign County; Illinois,0.0,2022,Champaign — Higher-income residential area,Champaign,61820.0,General tract context note not flagged by the current rule set.,110.02,Census Tract 110.02,Census Tract 110.02; Champaign County; Illinois,40.1154933724476,-88.24635254080745,0,0,cluster_0,96523.0,8.1,0.8,44.93,6.21,11.8,18.5,48.1,74.5,55.38,6.0,8.1,38.28,1105.0,1225.0,34808.178,85820.528264,nonstudent_calibrated,-5.50782840918494,3.4152119615231182,0.0451680672268907,0.9841911764705882,3.3612214783078627,1105.0,3714.149733530188,0.0059698746537336,207.8004595848487,0.5969874653733634,18.80547145564241
17019010604,Champaign — Senior-heavy residential area,Champaign,61822,Older age profile.,Senior-heavy residential area,40.15205846523014,-88.30267282672077,106.04,Census Tract 106.04,Census Tract 106.04; Champaign County; Illinois,1.0,2022,Champaign — Senior-heavy residential area,Champaign,61822.0,Older age profile.,106.04,Census Tract 106.04,Census Tract 106.04; Champaign County; Illinois,40.15205846523014,-88.30267282672077,1,0,cluster_0,110296.0,9.3,1.2,25.34,16.1,6.9,16.0,53.0,29.3,24.48,6.0,18.6,61.02,1193.0,1285.0,34808.178,85820.528264,nonstudent_calibrated,-6.217393981817263,2.705646388890795,0.0451680672268907,0.9841911764705882,2.66287330259583,1193.0,3176.807849996825,0.0051061874248813,177.73708078662995,0.5106187424881302,14.898330325786253
17019001203,Champaign — Senior-heavy residential area,Champaign,61821,Older age profile.,Senior-heavy residential area,40.09108824198521,-88.28580828059093,12.03,Census Tract 12.03,Census Tract 12.03; Champaign County; Illinois,1.0,2022,Champaign — Senior-heavy residential area,Champaign,61821.0,Older age profile.,12.03,Census Tract 12.03,Census Tract 12.03; Champaign County; Illinois,40.09108824198521,-88.28580828059093,1,0,cluster_0,86364.0,1.9,2.6,14.58,0.0,1.9,16.1,37.8,49.1,20.53,5.4,19.3,63.1,1870.0,1905.0,34808.178,85820.528264,nonstudent_calibrated,-7.647508203858726,1.275532166849333,0.0388655462184873,0.9863970588235296,1.2581811778149854,1870.0,2352.7988025140226,0.003781730663592,131.63515408636977,0.3781730663592038,7.039313052747047
17019010701,St. Joseph — Family-oriented residential area,St. Joseph,61873,More households with children.,Family-oriented residential area,40.11330734334602,-88.03255627043048,107.01,Census Tract 107.01,Census Tract 107.01; Champaign County; Illinois,0.0,2022,St. Joseph — Family-oriented residential area,St. Joseph,61873.0,More households with children.,107.01,Census Tract 107.01,Census Tract 107.01; Champaign County; Illinois,40.11330734334602,-88.03255627043048,0,0,cluster_0,100054.0,6.5,0.7,28.64,6.1,12.4,11.7,50.1,36.1,13.9,6.6,18.0,64.03,1532.0,1532.0,34808.178,85820.528264,nonstudent_calibrated,-7.446683735273789,1.47635663543427,0.0514705882352941,0.981985294117647,1.4497605048694613,1532.0,2221.0330934600147,0.0035699393188297,124.26308325902552,0.3569939318829774,8.111167314557802
17019001206,Champaign — Senior-heavy residential area,Champaign,61822,Older age profile.,Senior-heavy residential area,40.09131625878624,-88.30470520960401,12.06,Census Tract 12.06,Census Tract 12.06; Champaign County; Illinois,1.0,2022,Champaign — Senior-heavy residential area,Champaign,61822.0,Older age profile.,12.06,Census Tract 12.06,Census Tract 12.06; Champaign County; Illinois,40.09131625878624,-88.30470520960401,1,0,cluster_0,104545.0,4.7,1.4,40.71,7.86,9.9,16.5,53.2,66.0,16.99,5.0,35.7,64.32,824.0,884.0,34808.178,85820.528264,nonstudent_calibrated,-6.999478355546977,1.923562015161082,0.0346638655462184,0.9878676470588236,1.900224681888907,824.0,1565.7851378764594,0.0025167377942291,87.60305712085513,0.2516737794229136,10.631438970977564
17019010601,Mahomet — Family-oriented residential area,Mahomet,61853,More households with children.,Family-oriented residential area,40.19961782801814,-88.42895481438009,106.01,Census Tract 106.01,Census Tract 106.01; Champaign County; Illinois,1.0,2022,Mahomet — Family-oriented residential area,Mahomet,61853.0,More households with children.,106.01,Census Tract 106.01,Census Tract 106.01; Champaign County; Illinois,40.19961782801814,-88.42895481438009,1,0,cluster_0,114125.0,2.2,0.3,33.5,22.17,3.8,8.4,59.5,52.9,9.97,7.3,10.5,85.91,2037.0,2075.0,34808.178,85820.528264,nonstudent_calibrated,-8.193193278491256,0.7298470922168028,0.0588235294117647,0.9794117647058824,0.7148208285535156,2037.0,1456.0900277635112,0.0023404212468401,81.46579935499345,0.2340421246840137,3.999302864751765
17019005702,Urbana — Senior-heavy residential area,Urbana,61802,Older age profile.,Senior-heavy residential area,40.06740664849926,-88.17760194654306,57.02,Census Tract 57.02,Census Tract 57.02; Champaign County; Illinois,1.0,2022,Urbana — Senior-heavy residential area,Urbana,61802.0,Older age profile.,57.02,Census Tract 57.02,Census Tract 57.02; Champaign County; Illinois,40.06740664849926,-88.17760194654306,1,0,cluster_0,120481.0,2.0,0.0,31.69,31.69,7.6,7.6,52.1,68.3,19.97,1.7,40.6,66.24,711.0,739.0,34808.178,85820.528264,nonstudent_calibrated,-7.884427250475836,1.0386131202322224,0.0,1.0,1.0386131202322224,711.0,738.4539284851102,0.0011869412131705,41.31526102357544,0.118694121317052,5.810866529335504
17019010500,Fisher — Family-oriented residential area,Fisher,61843,More households with children; older age profile.,Family-oriented residential area,40.31102797712141,-88.3465464139626,105,Census Tract 105,Census Tract 105; Champaign County; Illinois,1.0,2022,Fisher — Family-oriented residential area,Fisher,61843.0,More households with children; older age profile.,105.0,Census Tract 105,Census Tract 105; Champaign County; Illinois,40.31102797712141,-88.3465464139626,1,0,cluster_0,106830.0,3.1,2.5,12.63,4.21,6.6,10.6,54.6,35.6,11.87,8.0,16.7,85.95,1601.0,1684.0,34808.178,85820.528264,nonstudent_calibrated,-8.913040370708059,0.01,0.0661764705882353,0.9768382352941176,0.0097683823529411,1601.0,15.639180147058823,2.5137367059340683e-05,0.874985947052867,0.002513736705934,0.0546524639008661
